Time;;;;200;200;500;500;502;502;504;504
16/10/2024 1:46;1:46:00;1:46:00;;;0;;;;;;
16/10/2024 1:46;1:46:20;;;;4.39;;;;;;
16/10/2024 1:46;1:46:40;;;;5.15;;0;;;;
16/10/2024 1:47;1:47:00;;;;4.49;;0;;;;
16/10/2024 1:47;1:47:20;;;;6.8;;0;;;;
16/10/2024 1:47;1:47:40;;;;8.25;;0;;;;
16/10/2024 1:48;1:48:00;;;;8.13;;0;;;;
16/10/2024 1:48;1:48:20;;;;7.79;;0;;;;
16/10/2024 1:48;1:48:40;;;;7.77;;0;;;;
16/10/2024 1:49;1:49:00;;;;6.86;;0;;;;
16/10/2024 1:49;1:49:20;;;;0;;0;;;;
16/10/2024 1:49;1:49:40;;;;0;;0;;;;
16/10/2024 1:50;1:50:00;1:49:37;;;5.08;;0;;;;
16/10/2024 1:50;1:50:20;;;;5.88;;0;;;;
16/10/2024 1:50;1:50:40;;;;7.61;;0;;;;
16/10/2024 1:51;1:51:00;;;;6.18;;0;;;;
16/10/2024 1:51;1:51:20;;;;6.91;;0;;;;
16/10/2024 1:51;1:51:40;;;;6.36;;0;;;;
16/10/2024 1:52;1:52:00;;;0;5.97;0;0;0;;0;
16/10/2024 1:52;1:52:20;;;0;5.13;0;0;0;;0;
16/10/2024 1:52;1:52:40;;;;6.78;;0;;;;
16/10/2024 1:53;1:53:00;;;;0;;0;;;;
16/10/2024 1:53;1:53:20;1:53:12;;;0.622;;0;;;;
16/10/2024 1:53;1:53:40;;;;0.398;;0;;;;
16/10/2024 1:54;1:54:00;;;;0.366;;0;;;;
16/10/2024 1:54;1:54:20;;;;0.269;;0;;;;
16/10/2024 1:54;1:54:40;;;;0.302;;0;;;;
16/10/2024 1:55;1:55:00;;;;0.268;;0;;;;
16/10/2024 1:55;1:55:20;;;;0.243;;0;;;;
16/10/2024 1:55;1:55:40;;;;0.208;;0;;;;
16/10/2024 1:56;1:56:00;;;;0.228;;0;;;;
16/10/2024 1:56;1:56:20;;;;0;;0;;;;
16/10/2024 1:56;1:56:40;;;;0;;0;;;;
16/10/2024 1:57;1:57:00;1:56:42;;;0.41;;0;;;;
16/10/2024 1:57;1:57:20;;;;0.333;;0;;;;
16/10/2024 1:57;1:57:40;;;;0.348;;0;;;;
16/10/2024 1:58;1:58:00;;;;0.329;;0;;;;
16/10/2024 1:58;1:58:20;;;;0.331;;0;;;;
16/10/2024 1:58;1:58:40;;;;0.32;;0;;;;
16/10/2024 1:59;1:59:00;;;;0.32;;0;;;;
16/10/2024 1:59;1:59:20;;;;0.331;;0;;;;
16/10/2024 1:59;1:59:40;;;;0.336;;0;;;;
16/10/2024 2:00;2:00:00;;;;0;;0;;;;
16/10/2024 2:00;2:00:20;2:00:12;;;0.939;;0;;;;
16/10/2024 2:00;2:00:40;;;;1.35;;0;;;;
16/10/2024 2:01;2:01:00;;;;1.02;;0;;;;
16/10/2024 2:01;2:01:20;;;;0.979;;0;;;;
16/10/2024 2:01;2:01:40;;;;0.8;;0;;;;
16/10/2024 2:02;2:02:00;;;;0.691;;0;;;;
16/10/2024 2:02;2:02:20;;;;0.716;;0;;;;
16/10/2024 2:02;2:02:40;;;;0.84;;0;;;;
16/10/2024 2:03;2:03:00;;;;0.725;;0;;;;
16/10/2024 2:03;2:03:20;;;;0;;0;;;;
16/10/2024 2:03;2:03:40;;;;0;;0;;;;
16/10/2024 2:04;2:04:00;2:03:43;;;1.57;;0;;;;
16/10/2024 2:04;2:04:20;;;;0.97;;0;;;;
16/10/2024 2:04;2:04:40;;;;1.05;;0;;;;
16/10/2024 2:05;2:05:00;;;;1.54;;0;;;;
16/10/2024 2:05;2:05:20;;;;1.5;;0;;;;
16/10/2024 2:05;2:05:40;;;;1.38;;0;;;;
16/10/2024 2:06;2:06:00;;;;1.45;;0;;;;
16/10/2024 2:06;2:06:20;;;;1.36;;0;;;;
16/10/2024 2:06;2:06:40;;;;1.32;;0;;;;
16/10/2024 2:07;2:07:00;;;;0;;0;;;;
16/10/2024 2:07;2:07:20;2:07:14;;;0.879;;0;;;;
16/10/2024 2:07;2:07:40;;;;3.06;;0;;;;
16/10/2024 2:08;2:08:00;;;;1.52;;0;;;;
16/10/2024 2:08;2:08:20;;;;2.53;;0;;;;
16/10/2024 2:08;2:08:40;;;;1.49;;0;;;;
16/10/2024 2:09;2:09:00;;;;1.77;;0;;;;
16/10/2024 2:09;2:09:20;;;;1.4;;0;;;;
16/10/2024 2:09;2:09:40;;;;1.68;;0;;;;
16/10/2024 2:10;2:10:00;;;;0.953;;0;;;;
16/10/2024 2:10;2:10:20;;;;1.5;;0;;;;
16/10/2024 2:10;2:10:40;;;;0;;0;;;;
16/10/2024 2:11;2:11:00;2:10:45;;;2.08;;0;;;;
16/10/2024 2:11;2:11:20;;;;2.74;;30;;;;
16/10/2024 2:11;2:11:40;;;;2.81;;0;;;;
16/10/2024 2:12;2:12:00;;;;3.11;;0;;;;
16/10/2024 2:12;2:12:20;;;;2.75;;0;;;;
16/10/2024 2:12;2:12:40;;;;2.82;;0;;;;
16/10/2024 2:13;2:13:00;;;;2.79;;0;;;;
16/10/2024 2:13;2:13:20;;;;2.72;;0;;;;
16/10/2024 2:13;2:13:40;;;;2.85;;0;;;;
16/10/2024 2:14;2:14:00;;;;0;;0;;;;
16/10/2024 2:14;2:14:20;2:14:17;;;0.49;;0;;;;
16/10/2024 2:14;2:14:40;;;;3.4;;0;;;;
16/10/2024 2:15;2:15:00;;;;3.5;;0;;;;
16/10/2024 2:15;2:15:20;;;;3.75;;30;;;;
16/10/2024 2:15;2:15:40;;;;3.73;;0;;;;
16/10/2024 2:16;2:16:00;;;;3.74;;0;;;;
16/10/2024 2:16;2:16:20;;;;3.29;;30;;;;
16/10/2024 2:16;2:16:40;;;;3.76;;0;;;;
16/10/2024 2:17;2:17:00;;;;3.81;;0;;;;
16/10/2024 2:17;2:17:20;;;;3.55;;30;;;;
16/10/2024 2:17;2:17:40;;;;0;;0;;;;
16/10/2024 2:18;2:18:00;2:17:50;;;2.84;;0;;;;
16/10/2024 2:18;2:18:20;;;;4.71;;0;;;;
16/10/2024 2:18;2:18:40;;;;0;;0;;0;;
16/10/2024 2:19;2:19:00;;;;0;;0;;0;;
16/10/2024 2:19;2:19:20;;;;1.01;;0;;0;;
16/10/2024 2:19;2:19:40;;;;4.16;;30;;0;;
16/10/2024 2:20;2:20:00;;;;0;;0;;0;;
16/10/2024 2:20;2:20:20;;;;2.41;;0;;0;;
16/10/2024 2:20;2:20:40;;;;3.83;;0;;0;;
16/10/2024 2:21;2:21:00;;;;5.23;;0;;0;;
16/10/2024 2:21;2:21:20;;;;0;;0;;0;;
16/10/2024 2:21;2:21:40;2:21:29;;;2.42;;0;;0;;
16/10/2024 2:22;2:22:00;;;;4.15;;0;;0;;
16/10/2024 2:22;2:22:20;;;;4.57;;0;;0;;
16/10/2024 2:22;2:22:40;;;;4.89;;0;;0;;
16/10/2024 2:23;2:23:00;;;;4.38;;0;;0;;
16/10/2024 2:23;2:23:20;;;;5.35;;0;;0;;
16/10/2024 2:23;2:23:40;;;;5.75;;0;;0;;
16/10/2024 2:24;2:24:00;;;;5.89;;0;;0;;
16/10/2024 2:24;2:24:20;;;;7.36;;30;;0;;
16/10/2024 2:24;2:24:40;;;;8.4;;30;;0;;
16/10/2024 2:25;2:25:00;;;;0;;0;;0;;0
16/10/2024 2:25;2:25:20;;;;0;;0;;0;;0
16/10/2024 2:25;2:25:40;2:25:23;;;3.54;;0;;0;;0
16/10/2024 2:26;2:26:00;;;;4.08;;30;;0;;0
16/10/2024 2:26;2:26:20;;;;3.57;;0;;0;;0
16/10/2024 2:26;2:26:40;;;;5.05;;0;;0;;0
16/10/2024 2:27;2:27:00;;;;3.41;;30;;0;;0
16/10/2024 2:27;2:27:20;;;;3.96;;0;;0;;0
16/10/2024 2:27;2:27:40;;;;7.83;;30;;0;;0
16/10/2024 2:28;2:28:00;;;;5.51;;30;;0;;0
16/10/2024 2:28;2:28:20;;;;7.32;;30;;0;;0
16/10/2024 2:28;2:28:40;;;;0;;0;;0;;0
16/10/2024 2:29;2:29:00;;;;0;;0;;0;;0
16/10/2024 2:29;2:29:20;2:28:58;;;2.15;;0;;0;;0
16/10/2024 2:29;2:29:40;;;;1.14;;0;;0;;0
16/10/2024 2:30;2:30:00;;;;1.19;;0;;0;;0
16/10/2024 2:30;2:30:20;;;;0.804;;0;;0;;0
16/10/2024 2:30;2:30:40;;;;0.914;;0;;0;;0
16/10/2024 2:31;2:31:00;;;;0.69;;0;;0;;0
16/10/2024 2:31;2:31:20;;;;0.699;;0;;0;;0
16/10/2024 2:31;2:31:40;;;;0.483;;0;;0;;0
16/10/2024 2:32;2:32:00;;;;0.761;;0;;0;;0
16/10/2024 2:32;2:32:20;;;;0;;0;;0;;0
16/10/2024 2:32;2:32:40;2:32:29;;;1.13;;0;;0;;0
16/10/2024 2:33;2:33:00;;;;1.17;;0;;0;;0
16/10/2024 2:33;2:33:20;;;;1.19;;0;;0;;0
16/10/2024 2:33;2:33:40;;;;1.45;;0;;0;;0
16/10/2024 2:34;2:34:00;;;;1.2;;0;;0;;0
16/10/2024 2:34;2:34:20;;;;1.3;;0;;0;;0
16/10/2024 2:34;2:34:40;;;;1.36;;0;;0;;0
16/10/2024 2:35;2:35:00;;;;1.32;;0;;0;;0
16/10/2024 2:35;2:35:20;;;;1.13;;0;;0;;0
16/10/2024 2:35;2:35:40;;;;0;;0;;0;;0
16/10/2024 2:36;2:36:00;;;;0;;0;;0;;0
16/10/2024 2:36;2:36:20;2:36:00;;;2.46;;0;;0;;0
16/10/2024 2:36;2:36:40;;;;1.42;;0;;0;;0
16/10/2024 2:37;2:37:00;;;;2.04;;0;;0;;0
16/10/2024 2:37;2:37:20;;;;1.62;;0;;0;;0
16/10/2024 2:37;2:37:40;;;;1.52;;0;;0;;0
16/10/2024 2:38;2:38:00;;;;1.67;;0;;0;;0
16/10/2024 2:38;2:38:20;;;;1.33;;0;;0;;0
16/10/2024 2:38;2:38:40;;;;0.993;;0;;0;;0
16/10/2024 2:39;2:39:00;;;;1.27;;0;;0;;0
16/10/2024 2:39;2:39:20;;;;0;;0;;0;;0
16/10/2024 2:39;2:39:40;2:39:31;;;1.55;;0;;0;;0
16/10/2024 2:40;2:40:00;;;;2.49;;0;;0;;0
16/10/2024 2:40;2:40:20;;;;2.96;;0;;0;;0
16/10/2024 2:40;2:40:40;;;;3.38;;0;;0;;0
16/10/2024 2:41;2:41:00;;;;3.18;;0;;0;;0
16/10/2024 2:41;2:41:20;;;;2.55;;0;;0;;0
16/10/2024 2:41;2:41:40;;;;3.79;;0;;0;;0
16/10/2024 2:42;2:42:00;;;;2.88;;0;;0;;0
16/10/2024 2:42;2:42:20;;;;2.79;;0;;0;;0
16/10/2024 2:42;2:42:40;;;;0;;0;;0;;0
16/10/2024 2:43;2:43:00;;;;0;;0;;0;;0
16/10/2024 2:43;2:43:20;2:43:02;;;3.46;;0;;0;;0
16/10/2024 2:43;2:43:40;;;;3.93;;0;;0;;0
16/10/2024 2:44;2:44:00;;;;3.97;;0;;0;;0
16/10/2024 2:44;2:44:20;;;;3.99;;0;;0;;0
16/10/2024 2:44;2:44:40;;;;4.03;;0;;0;;0
16/10/2024 2:45;2:45:00;;;;3.96;;0;;0;;0
16/10/2024 2:45;2:45:20;;;;3.7;;0;;0;;0
16/10/2024 2:45;2:45:40;;;;3.75;;30;;0;;0
16/10/2024 2:46;2:46:00;;;;3.61;;0;;0;;0
16/10/2024 2:46;2:46:20;;;;0;;0;;0;;0
16/10/2024 2:46;2:46:40;2:46:36;;;0;;0;;0;;0
16/10/2024 2:47;2:47:00;;;;3;;0;;0;;0
16/10/2024 2:47;2:47:20;;;;3.86;;1.46;;3.82;;0
16/10/2024 2:47;2:47:40;;;;0;;30;;0;;0
16/10/2024 2:48;2:48:00;;;;0.493;;0;;0;;0
16/10/2024 2:48;2:48:20;;;;4.74;;0;;0;;0
16/10/2024 2:48;2:48:40;;;;0;;0;;0;;0
16/10/2024 2:49;2:49:00;;;;0;;30;;0;;0
16/10/2024 2:49;2:49:20;;;;3.34;;0;;0;;0
16/10/2024 2:49;2:49:40;;;;4.35;;4.24;;0;;0
16/10/2024 2:50;2:50:00;;;;0;;0;;0;;0
16/10/2024 2:50;2:50:20;2:50:10;;;2.65;;0;;0;;0
16/10/2024 2:50;2:50:40;;;;6.05;;0;;0;;0
16/10/2024 2:51;2:51:00;;;;4.86;;0;;0;;0
16/10/2024 2:51;2:51:20;;;;5.16;;0;;0;;0
16/10/2024 2:51;2:51:40;;;;5.21;;0;;0;;0
16/10/2024 2:52;2:52:00;;;;5.18;;0;;0;;0
16/10/2024 2:52;2:52:20;;;;5.33;;0;;0;;0
16/10/2024 2:52;2:52:40;;;;5.43;;0;;0;;0
16/10/2024 2:53;2:53:00;;;;7.69;;30;;0;;0
16/10/2024 2:53;2:53:20;;;;7.6;;30;;0;;0
16/10/2024 2:53;2:53:40;;;;0;;0;;0;;0
16/10/2024 2:54;2:54:00;;;;0;;0;;0;;0
16/10/2024 2:54;2:54:20;2:54:03;;;4.13;;0;;0;;0
16/10/2024 2:54;2:54:40;;;;4.55;;30;;0;;0
16/10/2024 2:55;2:55:00;;;;2.95;;0;;0;;0
16/10/2024 2:55;2:55:20;;;;4.51;;0;;0;;0
16/10/2024 2:55;2:55:40;;;;3.83;;30;;0;;0
16/10/2024 2:56;2:56:00;;;;3.2;;0;;0;;0
16/10/2024 2:56;2:56:20;;;;6.57;;30;;0;;0
16/10/2024 2:56;2:56:40;;;;6.27;;30;;0;;0
16/10/2024 2:57;2:57:00;;;;5.49;;30;;0;;0
16/10/2024 2:57;2:57:20;;;;28.9;;0;;0;;0
16/10/2024 2:57;2:57:40;;;;0;;0;;0;;0
16/10/2024 2:58;2:58:00;2:57:47;;;3.94;;0;;0;;0
16/10/2024 2:58;2:58:20;;;;7.56;;0;;0;;0
16/10/2024 2:58;2:58:40;;;;6.57;;0;;0;;0
16/10/2024 2:59;2:59:00;;;;6.66;;0;;0;;0
16/10/2024 2:59;2:59:20;;;;7.49;;0;;0;;0
16/10/2024 2:59;2:59:40;;;;5.43;;0;;0;;0
16/10/2024 3:00;3:00:00;;;;5.07;;0;;0;;0
16/10/2024 3:00;3:00:20;;;;6.53;;0;;0;;0
16/10/2024 3:00;3:00:40;;;;7.67;;0;;0;;0
16/10/2024 3:01;3:01:00;;;;0;;0;;0;;0
16/10/2024 3:01;3:01:20;;;;0;;0;;0;;0
16/10/2024 3:01;3:01:40;;;;0;;0;;0;;0
16/10/2024 3:02;3:02:00;3:01:24;;;2.98;;0;;0;;0
16/10/2024 3:02;3:02:20;;;;6.65;;0;;0;;0
16/10/2024 3:02;3:02:40;;;;6.59;;0;;0;;0
16/10/2024 3:03;3:03:00;;;;6.35;;0;;0;;0
16/10/2024 3:03;3:03:20;;;;6.14;;0;;0;;0
16/10/2024 3:03;3:03:40;;;;5.57;;0;;0;;0
16/10/2024 3:04;3:04:00;;;;6.32;;0;;0;;0
16/10/2024 3:04;3:04:20;;;;8.04;;0;;0;;0
16/10/2024 3:04;3:04:40;;;;0;;0;;0;;0
16/10/2024 3:05;3:05:00;3:04:58;;;0.13;;0;;0;;0
16/10/2024 3:05;3:05:20;;;;0.452;;0;;0;;0
16/10/2024 3:05;3:05:40;;;;0.365;;0;;0;;0
16/10/2024 3:06;3:06:00;;;;0.415;;0;;0;;0
16/10/2024 3:06;3:06:20;;;;0.328;;0;;0;;0
16/10/2024 3:06;3:06:40;;;;0.3;;0;;0;;0
16/10/2024 3:07;3:07:00;;;;0.229;;0;;0;;0
16/10/2024 3:07;3:07:20;;;;0.276;;0;;0;;0
16/10/2024 3:07;3:07:40;;;;0.199;;0;;0;;0
16/10/2024 3:08;3:08:00;;;;0.216;;0;;0;;0
16/10/2024 3:08;3:08:20;;;;0;;0;;0;;0
16/10/2024 3:08;3:08:40;3:08:28;;;0.374;;0;;0;;0
16/10/2024 3:09;3:09:00;;;;0.339;;0;;0;;0
16/10/2024 3:09;3:09:20;;;;0.358;;0;;0;;0
16/10/2024 3:09;3:09:40;;;;0.335;;0;;0;;0
16/10/2024 3:10;3:10:00;;;;0.334;;0;;0;;0
16/10/2024 3:10;3:10:20;;;;0.327;;0;;0;;0
16/10/2024 3:10;3:10:40;;;;0.325;;0;;0;;0
16/10/2024 3:11;3:11:00;;;;0.321;;0;;0;;0
16/10/2024 3:11;3:11:20;;;;0.318;;0;;0;;0
16/10/2024 3:11;3:11:40;;;;0;;0;;0;;0
16/10/2024 3:12;3:12:00;3:11:58;;;0;;0;;0;;0
16/10/2024 3:12;3:12:20;;;;0.822;;0;;0;;0
16/10/2024 3:12;3:12:40;;;;0.424;;0;;0;;0
16/10/2024 3:13;3:13:00;;;;0.438;;0;;0;;0
16/10/2024 3:13;3:13:20;;;;0.297;;0;;0;;0
16/10/2024 3:13;3:13:40;;;;0.362;;0;;0;;0
16/10/2024 3:14;3:14:00;;;;0.246;;0;;0;;0
16/10/2024 3:14;3:14:20;;;;0.313;;0;;0;;0
16/10/2024 3:14;3:14:40;;;;0.214;;0;;0;;0
16/10/2024 3:15;3:15:00;;;;0.245;;0;;0;;0
16/10/2024 3:15;3:15:20;;;;0;;0;;0;;0
16/10/2024 3:15;3:15:40;3:15:29;;;0.464;;0;;0;;0
16/10/2024 3:16;3:16:00;;;;0.392;;0;;0;;0
16/10/2024 3:16;3:16:20;;;;0.351;;0;;0;;0
16/10/2024 3:16;3:16:40;;;;0.315;;0;;0;;0
16/10/2024 3:17;3:17:00;;;;0.335;;0;;0;;0
16/10/2024 3:17;3:17:20;;;;0.33;;0;;0;;0
16/10/2024 3:17;3:17:40;;;;0.306;;0;;0;;0
16/10/2024 3:18;3:18:00;;;;0.321;;0;;0;;0
16/10/2024 3:18;3:18:20;;;;0.333;;0;;0;;0
16/10/2024 3:18;3:18:40;;;;0;;0;;0;;0
16/10/2024 3:19;3:19:00;;;;0;;0;;0;;0
16/10/2024 3:19;3:19:20;3:19:00;;;2.1;;0;;0;;0
16/10/2024 3:19;3:19:40;;;;1.13;;0;;0;;0
16/10/2024 3:20;3:20:00;;;;1.18;;0;;0;;0
16/10/2024 3:20;3:20:20;;;;0.831;;0;;0;;0
16/10/2024 3:20;3:20:40;;;;1.02;;0;;0;;0
16/10/2024 3:21;3:21:00;;;;0.672;;0;;0;;0
16/10/2024 3:21;3:21:20;;;;0.672;;0;;0;;0
16/10/2024 3:21;3:21:40;;;;0.703;;0;;0;;0
16/10/2024 3:22;3:22:00;;;;0.64;;0;;0;;0
16/10/2024 3:22;3:22:20;;;;0;;0;;0;;0
16/10/2024 3:22;3:22:40;3:22:31;;;1.01;;0;;0;;0
16/10/2024 3:23;3:23:00;;;;0.982;;0;;0;;0
16/10/2024 3:23;3:23:20;;;;1.2;;0;;0;;0
16/10/2024 3:23;3:23:40;;;;1.42;;0;;0;;0
16/10/2024 3:24;3:24:00;;;;1.26;;0;;0;;0
16/10/2024 3:24;3:24:20;;;;1.13;;0;;0;;0
16/10/2024 3:24;3:24:40;;;;1.14;;0;;0;;0
16/10/2024 3:25;3:25:00;;;;1.04;;0;;0;;0
16/10/2024 3:25;3:25:20;;;;1.26;;0;;0;;0
16/10/2024 3:25;3:25:40;;;;0;;0;;0;;0
16/10/2024 3:26;3:26:00;;;;0;;0;;0;;0
16/10/2024 3:26;3:26:20;3:26:01;;;2.53;;0;;0;;0
16/10/2024 3:26;3:26:40;;;;1.21;;0;;0;;0
16/10/2024 3:27;3:27:00;;;;2.19;;0;;0;;0
16/10/2024 3:27;3:27:20;;;;1.86;;0;;0;;0
16/10/2024 3:27;3:27:40;;;;1.49;;0;;0;;0
16/10/2024 3:28;3:28:00;;;;1.64;;0;;0;;0
16/10/2024 3:28;3:28:20;;;;1.55;;0;;0;;0
16/10/2024 3:28;3:28:40;;;;1.27;;0;;0;;0
16/10/2024 3:29;3:29:00;;;;1.27;;0;;0;;0
16/10/2024 3:29;3:29:20;;;;0;;0;;0;;0
16/10/2024 3:29;3:29:40;3:29:33;;;1.6;;0;;0;;0
16/10/2024 3:30;3:30:00;;;;3.09;;0;;0;;0
16/10/2024 3:30;3:30:20;;;;2.68;;0;;0;;0
16/10/2024 3:30;3:30:40;;;;2.62;;0;;0;;0
16/10/2024 3:31;3:31:00;;;;3.09;;0;;0;;0
16/10/2024 3:31;3:31:20;;;;2.93;;0;;0;;0
16/10/2024 3:31;3:31:40;;;;2.73;;0;;0;;0
16/10/2024 3:32;3:32:00;;;;3.42;;0;;0;;0
16/10/2024 3:32;3:32:20;;;;2.64;;0;;0;;0
16/10/2024 3:32;3:32:40;;;;1.8;;0;;0;;0
16/10/2024 3:33;3:33:00;;;;0;;0;;0;;0
16/10/2024 3:33;3:33:20;3:33:04;;;2.67;;0;;0;;0
16/10/2024 3:33;3:33:40;;;;3.89;;30;;0;;0
16/10/2024 3:34;3:34:00;;;;3.77;;0;;0;;0
16/10/2024 3:34;3:34:20;;;;3.93;;0;;0;;0
16/10/2024 3:34;3:34:40;;;;3.76;;30;;0;;0
16/10/2024 3:35;3:35:00;;;;4.06;;0;;0;;0
16/10/2024 3:35;3:35:20;;;;3.97;;0;;0;;0
16/10/2024 3:35;3:35:40;;;;4.01;;30;;0;;0
16/10/2024 3:36;3:36:00;;;;3.83;;0;;0;;0
16/10/2024 3:36;3:36:20;;;;0;;0;;0;;0
16/10/2024 3:36;3:36:40;3:36:38;;;0;;0;;0;;0
16/10/2024 3:37;3:37:00;;;;4.17;;0;;0;;0
16/10/2024 3:37;3:37:20;;;;3.85;;2.01;;4.23;;0
16/10/2024 3:37;3:37:40;;;;0;;0;;0;;0
16/10/2024 3:38;3:38:00;;;;3.22;;0;;0;;0
16/10/2024 3:38;3:38:20;;;;3.33;;0;;0;;0
16/10/2024 3:38;3:38:40;;;;0;;0;;0;;0
16/10/2024 3:39;3:39:00;;;;20.3;;24.8;;0;;0
16/10/2024 3:39;3:39:20;;;;1.01;;0;;0;;0
16/10/2024 3:39;3:39:40;;;;4.74;;4.05;;4.21;;0
16/10/2024 3:40;3:40:00;;;;0;;0;;0;;0
16/10/2024 3:40;3:40:20;;;;0;;0;;0;;0
16/10/2024 3:40;3:40:40;;;;0;;0;;0;;0
16/10/2024 3:41;3:41:00;3:40:40;;;3.91;;0;;0;;0
16/10/2024 3:41;3:41:20;;;;5.55;;0;;0;;0
16/10/2024 3:41;3:41:40;;;;4.4;;0;;0;;0
16/10/2024 3:42;3:42:00;;;;4.56;;0;;0;;0
16/10/2024 3:42;3:42:20;;;;5.39;;0;;0;;0
16/10/2024 3:42;3:42:40;;;;5.06;;0;;0;;0
16/10/2024 3:43;3:43:00;;;;7.29;;0;;0;;0
16/10/2024 3:43;3:43:20;;;;6.09;;30;;0;;0
16/10/2024 3:43;3:43:40;;;;8.84;;30;;0;;0
16/10/2024 3:44;3:44:00;;;;0;;30;;0;;0
16/10/2024 3:44;3:44:20;;;;0;;0;;0;;0
16/10/2024 3:44;3:44:40;3:44:33;;;0;;0;;305;;0
16/10/2024 3:45;3:45:00;;;;4.03;;0;;0;;0
16/10/2024 3:45;3:45:20;;;;6.46;;0;;0;;0
16/10/2024 3:45;3:45:40;;;;3.93;;30;;0;;0
16/10/2024 3:46;3:46:00;;;;3.09;;0;;0;;0
16/10/2024 3:46;3:46:20;;;;7.45;;0;;0;;0
16/10/2024 3:46;3:46:40;;;;3.79;;30;;0;;0
16/10/2024 3:47;3:47:00;;;;5.79;;0;;0;;0
16/10/2024 3:47;3:47:20;;;;6.22;;30;;0;;0
16/10/2024 3:47;3:47:40;;;;8.03;;30;;0;;0
16/10/2024 3:48;3:48:00;;;;0;;0;;0;;0
16/10/2024 3:48;3:48:20;3:48:09;;;3.4;;0;;0;;0
16/10/2024 3:48;3:48:40;;;;5.1;;0;;0;;0
16/10/2024 3:49;3:49:00;;;;6.31;;0;;0;;0
16/10/2024 3:49;3:49:20;;;;6.41;;0;;0;;0
16/10/2024 3:49;3:49:40;;;;6.43;;0;;0;;0
16/10/2024 3:50;3:50:00;;;;5.71;;0;;0;;0
16/10/2024 3:50;3:50:20;;;;6.04;;0;;0;;0
16/10/2024 3:50;3:50:40;;;;6.34;;0;;0;;0
16/10/2024 3:51;3:51:00;;;;5.63;;0;;0;;0
16/10/2024 3:51;3:51:20;;;;7.35;;0;;0;;0
16/10/2024 3:51;3:51:40;;;;0;;0;;0;;0
16/10/2024 3:52;3:52:00;3:51:45;;;4.79;;0;;0;;0
16/10/2024 3:52;3:52:20;;;;6.44;;30;;0;;0
16/10/2024 3:52;3:52:40;;;;5.66;;0;;0;;0
16/10/2024 3:53;3:53:00;;;;6.65;;0;;0;;0
16/10/2024 3:53;3:53:20;;;;6.15;;0;;0;;0
16/10/2024 3:53;3:53:40;;;;6.12;;0;;0;;0
16/10/2024 3:54;3:54:00;;;;6.74;;0;;0;;0
16/10/2024 3:54;3:54:20;;;;6.03;;0;;0;;0
16/10/2024 3:54;3:54:40;;;;7.22;;0;;0;;0
16/10/2024 3:55;3:55:00;;;;0;;0;;0;;0
16/10/2024 3:55;3:55:20;3:55:19;;;0;;0;;0;;0
16/10/2024 3:55;3:55:40;;;;4.78;;0;;0;;0
16/10/2024 3:56;3:56:00;;;;7.92;;0;;0;;0
16/10/2024 3:56;3:56:20;;;;3.82;;0;;0;;0
16/10/2024 3:56;3:56:40;;;;3.86;;0;;0;;0
16/10/2024 3:57;3:57:00;;;;5.41;;0;;0;;0
16/10/2024 3:57;3:57:20;;;;5.59;;0;;0;;0
16/10/2024 3:57;3:57:40;;;;7.56;;30;;0;;0
16/10/2024 3:58;3:58:00;;;;7.8;;30;;0;;0
16/10/2024 3:58;3:58:20;;;;7.75;;30;;0;;0
16/10/2024 3:58;3:58:40;;;;0;;30;;0;;0
16/10/2024 3:59;3:59:00;;;;0;;0;;0;;0
16/10/2024 3:59;3:59:20;3:59:11;;;0;;0;;0;;0
16/10/2024 3:59;3:59:40;;;;4.3;;0;;0;;0
16/10/2024 4:00;4:00:00;;;;4.61;;0;;0;;0
16/10/2024 4:00;4:00:20;;;;3.97;;0;;0;;0
16/10/2024 4:00;4:00:40;;;;3.77;;0;;0;;0
16/10/2024 4:01;4:01:00;;;;4.44;;0;;0;;0
16/10/2024 4:01;4:01:20;;;;4.58;;30;;0;;30
16/10/2024 4:01;4:01:40;;;;6.93;;0;;0;;0
16/10/2024 4:02;4:02:00;;;;6.28;;30;;0;;0
16/10/2024 4:02;4:02:20;;;;9.79;;0;;0;;0
16/10/2024 4:02;4:02:40;;;;0;;0;;0;;0
16/10/2024 4:03;4:03:00;4:02:46;;;4.22;;0;;0;;0
16/10/2024 4:03;4:03:20;;;;8.07;;30;;0;;0
16/10/2024 4:03;4:03:40;;;;5.32;;0;;0;;0
16/10/2024 4:04;4:04:00;;;;5.9;;0;;0;;0
16/10/2024 4:04;4:04:20;;;;6.76;;0;;0;;0
16/10/2024 4:04;4:04:40;;;;7.84;;0;;0;;0
16/10/2024 4:05;4:05:00;;;;7.62;;0;;0;;0
16/10/2024 4:05;4:05:20;;;;8.11;;0;;0;;0
16/10/2024 4:05;4:05:40;;;;8.44;;0;;0;;0
16/10/2024 4:06;4:06:00;;;;0;;0;;0;;0
16/10/2024 4:06;4:06:20;;;;0;;0;;0;;0
16/10/2024 4:06;4:06:40;4:06:23;;;3.62;;0;;0;;0
16/10/2024 4:07;4:07:00;;;;4.44;;0;;0;;0
16/10/2024 4:07;4:07:20;;;;6.58;;0;;0;;0
16/10/2024 4:07;4:07:40;;;;6.15;;0;;0;;0
16/10/2024 4:08;4:08:00;;;;6.1;;0;;0;;0
16/10/2024 4:08;4:08:20;;;;6.6;;0;;0;;0
16/10/2024 4:08;4:08:40;;;;5.67;;0;;0;;0
16/10/2024 4:09;4:09:00;;;;6.88;;0;;0;;0
16/10/2024 4:09;4:09:20;;;;6.25;;0;;0;;0
16/10/2024 4:09;4:09:40;;;;0;;0;;0;;0
16/10/2024 4:10;4:10:00;4:09:57;;;0.256;;0;;0;;0
16/10/2024 4:10;4:10:20;;;;0.597;;0;;0;;0
16/10/2024 4:10;4:10:40;;;;0.383;;0;;0;;0
16/10/2024 4:11;4:11:00;;;;0.413;;0;;0;;0
16/10/2024 4:11;4:11:20;;;;0.323;;0;;0;;0
16/10/2024 4:11;4:11:40;;;;0.303;;0;;0;;0
16/10/2024 4:12;4:12:00;;;;0.272;;0;;0;;0
16/10/2024 4:12;4:12:20;;;;0.31;;0;;0;;0
16/10/2024 4:12;4:12:40;;;;0.262;;0;;0;;0
16/10/2024 4:13;4:13:00;;;;0.286;;0;;0;;0
16/10/2024 4:13;4:13:20;;;;0;;0;;0;;0
16/10/2024 4:13;4:13:40;4:13:27;;;0.446;;0;;0;;0
16/10/2024 4:14;4:14:00;;;;0.368;;0;;0;;0
16/10/2024 4:14;4:14:20;;;;0.346;;0;;0;;0
16/10/2024 4:14;4:14:40;;;;0.344;;0;;0;;0
16/10/2024 4:15;4:15:00;;;;0.322;;0;;0;;0
16/10/2024 4:15;4:15:20;;;;0.324;;0;;0;;0
16/10/2024 4:15;4:15:40;;;;0.319;;0;;0;;0
16/10/2024 4:16;4:16:00;;;;0.32;;0;;0;;0
16/10/2024 4:16;4:16:20;;;;0.325;;0;;0;;0
16/10/2024 4:16;4:16:40;;;;0;;0;;0;;0
16/10/2024 4:17;4:17:00;4:16:57;;;0.281;;0;;0;;0
16/10/2024 4:17;4:17:20;;;;2.23;;0;;0;;0
16/10/2024 4:17;4:17:40;;;;0.815;;0;;0;;0
16/10/2024 4:18;4:18:00;;;;1.02;;0;;0;;0
16/10/2024 4:18;4:18:20;;;;0.844;;0;;0;;0
16/10/2024 4:18;4:18:40;;;;1.38;;0;;0;;0
16/10/2024 4:19;4:19:00;;;;0.679;;0;;0;;0
16/10/2024 4:19;4:19:20;;;;0.849;;0;;0;;0
16/10/2024 4:19;4:19:40;;;;0.689;;0;;0;;0
16/10/2024 4:20;4:20:00;;;;0.857;;0;;0;;0
16/10/2024 4:20;4:20:20;;;;0;;0;;0;;0
16/10/2024 4:20;4:20:40;4:20:28;;;1.23;;0;;0;;0
16/10/2024 4:21;4:21:00;;;;0.878;;0;;0;;0
16/10/2024 4:21;4:21:20;;;;1.44;;0;;0;;0
16/10/2024 4:21;4:21:40;;;;1.08;;0;;0;;0
16/10/2024 4:22;4:22:00;;;;1.29;;0;;0;;0
16/10/2024 4:22;4:22:20;;;;1.17;;0;;0;;0
16/10/2024 4:22;4:22:40;;;;1.37;;0;;0;;0
16/10/2024 4:23;4:23:00;;;;1.23;;0;;0;;0
16/10/2024 4:23;4:23:20;;;;1.27;;0;;0;;0
16/10/2024 4:23;4:23:40;;;;0;;0;;0;;0
16/10/2024 4:24;4:24:00;;;;0;;0;;0;;0
16/10/2024 4:24;4:24:20;4:23:59;;;3.04;;0;;0;;0
16/10/2024 4:24;4:24:40;;;;1.18;;0;;0;;0
16/10/2024 4:25;4:25:00;;;;2.79;;0;;0;;0
16/10/2024 4:25;4:25:20;;;;1.43;;0;;0;;0
16/10/2024 4:25;4:25:40;;;;2.73;;0;;0;;0
16/10/2024 4:26;4:26:00;;;;1.28;;0;;0;;0
16/10/2024 4:26;4:26:20;;;;1.38;;0;;0;;0
16/10/2024 4:26;4:26:40;;;;1.5;;0;;0;;0
16/10/2024 4:27;4:27:00;;;;1.27;;0;;0;;0
16/10/2024 4:27;4:27:20;;;;0;;0;;0;;0
16/10/2024 4:27;4:27:40;4:27:31;;;1.58;;0;;0;;0
16/10/2024 4:28;4:28:00;;;;3.22;;0;;0;;0
16/10/2024 4:28;4:28:20;;;;2.87;;0;;0;;0
16/10/2024 4:28;4:28:40;;;;3.02;;0;;0;;0
16/10/2024 4:29;4:29:00;;;;2.58;;0;;0;;0
16/10/2024 4:29;4:29:20;;;;3.27;;0;;0;;0
16/10/2024 4:29;4:29:40;;;;2.82;;0;;0;;0
16/10/2024 4:30;4:30:00;;;;3.12;;0;;0;;0
16/10/2024 4:30;4:30:20;;;;2.72;;0;;0;;0
16/10/2024 4:30;4:30:40;;;;0;;0;;0;;0
16/10/2024 4:31;4:31:00;;;;0;;0;;0;;0
16/10/2024 4:31;4:31:20;4:31:02;;;3.39;;0;;0;;0
16/10/2024 4:31;4:31:40;;;;3.62;;0;;0;;0
16/10/2024 4:32;4:32:00;;;;3.76;;0;;0;;0
16/10/2024 4:32;4:32:20;;;;3.86;;0;;0;;0
16/10/2024 4:32;4:32:40;;;;4.22;;30;;0;;0
16/10/2024 4:33;4:33:00;;;;3.88;;0;;0;;0
16/10/2024 4:33;4:33:20;;;;3.86;;0;;0;;0
16/10/2024 4:33;4:33:40;;;;3.95;;30;;0;;0
16/10/2024 4:34;4:34:00;;;;3.82;;0;;0;;0
16/10/2024 4:34;4:34:20;;;;0;;0;;0;;0
16/10/2024 4:34;4:34:40;;;;0;;0;;0;;0
16/10/2024 4:35;4:35:00;4:34:36;;;4.54;;0;;0;;0
16/10/2024 4:35;4:35:20;;;;3.07;;1.61;;0;;0
16/10/2024 4:35;4:35:40;;;;2.42;;30;;0;;0
16/10/2024 4:36;4:36:00;;;;0;;0;;0;;0
16/10/2024 4:36;4:36:20;;;;28.9;;0;;0;;0
16/10/2024 4:36;4:36:40;;;;3.58;;0;;0;;0
16/10/2024 4:37;4:37:00;;;;5.82;;0.446;;2.08;;0
16/10/2024 4:37;4:37:20;;;;0;;0;;0;;0
16/10/2024 4:37;4:37:40;;;;1.69;;0;;0;;0
16/10/2024 4:38;4:38:00;;;;0;;0;;0;;0
16/10/2024 4:38;4:38:20;4:38:10;;;0.669;;0;;0;;0
16/10/2024 4:38;4:38:40;;;;0.369;;0;;0;;0
16/10/2024 4:39;4:39:00;;;;0.335;;0;;0;;0
16/10/2024 4:39;4:39:20;;;;0.333;;0;;0;;0
16/10/2024 4:39;4:39:40;;;;0.304;;0;;0;;0
16/10/2024 4:40;4:40:00;;;;0.268;;0;;0;;0
16/10/2024 4:40;4:40:20;;;;0.254;;0;;0;;0
16/10/2024 4:40;4:40:40;;;;0.248;;0;;0;;0
16/10/2024 4:41;4:41:00;;;;0.228;;0;;0;;0
16/10/2024 4:41;4:41:20;;;;0;;0;;0;;0
16/10/2024 4:41;4:41:40;;;;0;;0;;0;;0
16/10/2024 4:42;4:42:00;4:41:41;;;0.488;;0;;0;;0
16/10/2024 4:42;4:42:20;;;;0.353;;0;;0;;0
16/10/2024 4:42;4:42:40;;;;0.375;;0;;0;;0
16/10/2024 4:43;4:43:00;;;;0.316;;0;;0;;0
16/10/2024 4:43;4:43:20;;;;0.343;;0;;0;;0
16/10/2024 4:43;4:43:40;;;;0.318;;0;;0;;0
16/10/2024 4:44;4:44:00;;;;0.323;;0;;0;;0
16/10/2024 4:44;4:44:20;;;;0.308;;0;;0;;0
16/10/2024 4:44;4:44:40;;;;0.323;;0;;0;;0
16/10/2024 4:45;4:45:00;;;;0;;0;;0;;0
16/10/2024 4:45;4:45:20;4:45:11;;;1.04;;0;;0;;0
16/10/2024 4:45;4:45:40;;;;1.65;;0;;0;;0
16/10/2024 4:46;4:46:00;;;;1.32;;0;;0;;0
16/10/2024 4:46;4:46:20;;;;0.87;;0;;0;;0
16/10/2024 4:46;4:46:40;;;;0.779;;0;;0;;0
16/10/2024 4:47;4:47:00;;;;0.942;;0;;0;;0
16/10/2024 4:47;4:47:20;;;;0.862;;0;;0;;0
16/10/2024 4:47;4:47:40;;;;0.657;;0;;0;;0
16/10/2024 4:48;4:48:00;;;;0.772;;0;;0;;0
16/10/2024 4:48;4:48:20;;;;0;;0;;0;;0
16/10/2024 4:48;4:48:40;;;;0;;0;;0;;0
16/10/2024 4:49;4:49:00;4:48:42;;;1.71;;0;;0;;0
16/10/2024 4:49;4:49:20;;;;1.38;;0;;0;;0
16/10/2024 4:49;4:49:40;;;;1.5;;0;;0;;0
16/10/2024 4:50;4:50:00;;;;1.4;;0;;0;;0
16/10/2024 4:50;4:50:20;;;;1.32;;0;;0;;0
16/10/2024 4:50;4:50:40;;;;1.27;;0;;0;;0
16/10/2024 4:51;4:51:00;;;;1.2;;0;;0;;0
16/10/2024 4:51;4:51:20;;;;1.25;;0;;0;;0
16/10/2024 4:51;4:51:40;;;;1.34;;0;;0;;0
16/10/2024 4:52;4:52:00;;;;0;;0;;0;;0
16/10/2024 4:52;4:52:20;4:52:13;;;1.13;;0;;0;;0
16/10/2024 4:52;4:52:40;;;;2.88;;0;;0;;0
16/10/2024 4:53;4:53:00;;;;1.87;;0;;0;;0
16/10/2024 4:53;4:53:20;;;;2.86;;0;;0;;0
16/10/2024 4:53;4:53:40;;;;1.31;;0;;0;;0
16/10/2024 4:54;4:54:00;;;;2.09;;0;;0;;0
16/10/2024 4:54;4:54:20;;;;1.75;;0;;0;;0
16/10/2024 4:54;4:54:40;;;;1.68;;0;;0;;0
16/10/2024 4:55;4:55:00;;;;1.36;;0;;0;;0
16/10/2024 4:55;4:55:20;;;;5.54;;0;;0;;0
16/10/2024 4:55;4:55:40;;;;0;;0;;0;;0
16/10/2024 4:56;4:56:00;4:55:44;;;1.87;;0;;0;;0
16/10/2024 4:56;4:56:20;;;;2.1;;30;;0;;0
16/10/2024 4:56;4:56:40;;;;3.12;;0;;0;;0
16/10/2024 4:57;4:57:00;;;;2.8;;0;;0;;0
16/10/2024 4:57;4:57:20;;;;3.17;;0;;0;;0
16/10/2024 4:57;4:57:40;;;;3.21;;0;;0;;0
16/10/2024 4:58;4:58:00;;;;2.7;;0;;0;;0
16/10/2024 4:58;4:58:20;;;;3.08;;0;;0;;0
16/10/2024 4:58;4:58:40;;;;2.92;;0;;0;;0
16/10/2024 4:59;4:59:00;;;;0;;0;;0;;0
16/10/2024 4:59;4:59:20;4:59:16;;;0.833;;0;;0;;0
16/10/2024 4:59;4:59:40;;;;4.63;;0;;0;;0
16/10/2024 5:00;5:00:00;;;;3.77;;0;;0;;0
16/10/2024 5:00;5:00:20;;;;3.61;;30;;0;;0
16/10/2024 5:00;5:00:40;;;;3.97;;0;;0;;0
16/10/2024 5:01;5:01:00;;;;3.73;;0;;0;;0
16/10/2024 5:01;5:01:20;;;;3.92;;30;;0;;0
16/10/2024 5:01;5:01:40;;;;3.95;;0;;0;;0
16/10/2024 5:02;5:02:00;;;;3.63;;0;;0;;0
16/10/2024 5:02;5:02:20;;;;3.93;;30;;0;;0
16/10/2024 5:02;5:02:40;;;;0;;0;;0;;0
16/10/2024 5:03;5:03:00;5:02:50;;;2.93;;0;;0;;0
16/10/2024 5:03;5:03:20;;;;3.56;;0;;0;;0
16/10/2024 5:03;5:03:40;;;;0;;0;;0;;0
16/10/2024 5:04;5:04:00;;;;0;;29.1;;0;;0
16/10/2024 5:04;5:04:20;;;;1.15;;0;;0;;0
16/10/2024 5:04;5:04:40;;;;4.79;;3.39;;0;;0
16/10/2024 5:05;5:05:00;;;;1.49;;0;;0;;0
16/10/2024 5:05;5:05:20;;;;0;;0;;0;;0
16/10/2024 5:05;5:05:40;;;;0;;0;;0;;0
16/10/2024 5:06;5:06:00;;;;0;;0;;0;;0
16/10/2024 5:06;5:06:20;;;;0;;0;;0;;0
16/10/2024 5:06;5:06:40;5:06:22;;;3.46;;0;;0;;0
16/10/2024 5:07;5:07:00;;;;4.92;;30;;0;;0
16/10/2024 5:07;5:07:20;;;;4.43;;0;;0;;0
16/10/2024 5:07;5:07:40;;;;5.27;;0;;0;;0
16/10/2024 5:08;5:08:00;;;;4.99;;30;;0;;0
16/10/2024 5:08;5:08:20;;;;4.5;;0;;0;;0
16/10/2024 5:08;5:08:40;;;;6.86;;0;;0;;0
16/10/2024 5:09;5:09:00;;;;6.13;;30;;0;;0
16/10/2024 5:09;5:09:20;;;;8.48;;30;;0;;0
16/10/2024 5:09;5:09:40;;;;0;;30;;0;;0
16/10/2024 5:10;5:10:00;;;;0;;0;;0;;0
16/10/2024 5:10;5:10:20;5:10:15;;;0;;0;;305;;0
16/10/2024 5:10;5:10:40;;;;5.59;;0;;0;;0
16/10/2024 5:11;5:11:00;;;;6.85;;0;;0;;0
16/10/2024 5:11;5:11:20;;;;4.61;;30;;0;;0
16/10/2024 5:11;5:11:40;;;;3.85;;0;;0;;0
16/10/2024 5:12;5:12:00;;;;7.97;;0;;0;;0
16/10/2024 5:12;5:12:20;;;;4.34;;30;;0;;0
16/10/2024 5:12;5:12:40;;;;5.7;;0;;0;;0
16/10/2024 5:13;5:13:00;;;;8.33;;30;;0;;0
16/10/2024 5:13;5:13:20;;;;6.35;;30;;0;;0
16/10/2024 5:13;5:13:40;;;;0;;0;;0;;0
16/10/2024 5:14;5:14:00;5:13:51;;;2.44;;0;;0;;0
16/10/2024 5:14;5:14:20;;;;6.93;;0;;0;;0
16/10/2024 5:14;5:14:40;;;;5.38;;0;;0;;0
16/10/2024 5:15;5:15:00;;;;7.85;;0;;0;;0
16/10/2024 5:15;5:15:20;;;;7.96;;0;;0;;0
16/10/2024 5:15;5:15:40;;;;7.78;;0;;0;;0
16/10/2024 5:16;5:16:00;;;;7.03;;0;;0;;0
16/10/2024 5:16;5:16:20;;;;7.89;;0;;0;;0
16/10/2024 5:16;5:16:40;;;;7.47;;0;;0;;0
16/10/2024 5:17;5:17:00;;;;6.81;;0;;0;;0
16/10/2024 5:17;5:17:20;;;;0;;0;;0;;0
16/10/2024 5:17;5:17:40;5:17:27;;;3.73;;0;;0;;0
16/10/2024 5:18;5:18:00;;;;4.85;;0;;0;;0
16/10/2024 5:18;5:18:20;;;;5.4;;0;;0;;0
16/10/2024 5:18;5:18:40;;;;7.17;;0;;0;;0
16/10/2024 5:19;5:19:00;;;;5.57;;0;;0;;0
16/10/2024 5:19;5:19:20;;;;7.35;;0;;0;;0
16/10/2024 5:19;5:19:40;;;;5.46;;0;;0;;0
16/10/2024 5:20;5:20:00;;;;6.2;;0;;0;;0
