Time;" code=""200"" pod_template_hash=""5f59dffc5""";"code=""200"" pod_template_hash=""86d89cc867""";"code=""500"" pod_template_hash=""5f59dffc5""";"code=""500"" pod_template_hash=""86d89cc867""";"code=""502"" pod_template_hash=""5f59dffc5""";"code=""502"" pod_template_hash=""86d89cc867""";"code=""504"" pod_template_hash=""5f59dffc5""";"code=""504"" pod_template_hash=""86d89cc867"""
15/10/2024 13:05;;3.07;;;;;;
15/10/2024 13:06;;5.64;;;;;;
15/10/2024 13:06;;3.95;;0;;;;
15/10/2024 13:06;;4.79;;0;;;;
15/10/2024 13:06;;3.95;;0;;;;
15/10/2024 13:07;;3.95;;0;;;;
15/10/2024 13:07;;4.56;;0;;;;
15/10/2024 13:07;;3.98;;0;;;;
15/10/2024 13:07;;6.42;;30;;;;
15/10/2024 13:08;;7.19;;0;;;;
15/10/2024 13:08;;6.98;;30;;;;
15/10/2024 13:08;;7.55;;30;;;;
15/10/2024 13:08;;0;;30;;;;
15/10/2024 13:09;;2.09;;0;;;;
15/10/2024 13:09;;3.02;;0;;;;
15/10/2024 13:09;;3.85;;30;;;;
15/10/2024 13:09;;2.94;;0;;;;
15/10/2024 13:10;;3.63;;30;;;;
15/10/2024 13:10;;4.21;;0;;;;
15/10/2024 13:10;;3.57;;30;;;;
15/10/2024 13:10;;4.96;;0;;;;
15/10/2024 13:11;;3.64;;30;;;;
15/10/2024 13:11;;8.22;;30;;;;
15/10/2024 13:11;;5.93;;30;;;;
15/10/2024 13:11;;6.41;;30;;;;
15/10/2024 13:12;;7.11;;30;;;;
15/10/2024 13:12;;3.15;;0;;;;
15/10/2024 13:12;;12;;0;;;;
15/10/2024 13:12;;6.88;;0;;;;
15/10/2024 13:13;;4.86;;30;;;;
15/10/2024 13:13;;4.05;;0;;;;
15/10/2024 13:13;;5.87;;30;;;;
15/10/2024 13:13;;7.81;;0;;;;
15/10/2024 13:14;;8.75;;0;;;;
15/10/2024 13:14;;7.58;;0;;;;
15/10/2024 13:14;;7.59;;0;;;;
15/10/2024 13:14;;4.9;;0;;;;
15/10/2024 13:15;;7.64;;0;;;;
15/10/2024 13:15;;8.71;;0;;;;
15/10/2024 13:15;;3.13;;0;;;;
15/10/2024 13:15;;6.21;;0;;;;
15/10/2024 13:16;;4.63;;0;;;;
15/10/2024 13:16;;4.76;;0;;;;
15/10/2024 13:16;;5.65;;0;;;;
15/10/2024 13:16;;5.19;;0;;;;
15/10/2024 13:17;;6.47;;0;;;;
15/10/2024 13:17;;5.66;;0;;;;
15/10/2024 13:17;;6.26;;0;;;;
15/10/2024 13:17;;5.23;;0;;;;
15/10/2024 13:18;;6.53;;0;;;;
15/10/2024 13:18;;5.85;;0;;;;
15/10/2024 13:18;;0.609;;0;;;;
15/10/2024 13:18;;0.496;;0;;;;
15/10/2024 13:19;;0.413;;0;;;;
15/10/2024 13:19;;0.386;;0;;;;
15/10/2024 13:19;;0.331;;0;;;;
15/10/2024 13:19;;0.311;;0;;;;
15/10/2024 13:20;;0.384;;0;;;;
15/10/2024 13:20;;0.277;;0;;;;
15/10/2024 13:20;;0.261;;0;;;;
15/10/2024 13:20;;0.35;;0;;;;
15/10/2024 13:21;;0.241;;0;;;;
15/10/2024 13:21;;0.263;;0;;;;
15/10/2024 13:21;;0.31;;0;;;;
15/10/2024 13:21;;0.323;;0;;;;
15/10/2024 13:22;;0.307;;0;;;;
15/10/2024 13:22;;0.323;;0;;;;
15/10/2024 13:22;;0.31;;0;;;;
15/10/2024 13:22;;0.322;;0;;;;
15/10/2024 13:23;;0.317;;0;;;;
15/10/2024 13:23;;0.311;;0;;;;
15/10/2024 13:23;;0.297;;0;;;;
15/10/2024 13:23;;0.324;;0;;;;
15/10/2024 13:24;;0.315;;0;;;;
15/10/2024 13:24;;0.326;;0;;;;
15/10/2024 13:24;;0.327;;0;;;;
15/10/2024 13:24;;0.712;;0;;;;
15/10/2024 13:25;;0.686;;0;;;;
15/10/2024 13:25;;0.754;;0;;;;
15/10/2024 13:25;;0.829;;0;;;;
15/10/2024 13:25;;0.641;;0;;;;
15/10/2024 13:26;;0.747;;0;;;;
15/10/2024 13:26;;0.663;;0;;;;
15/10/2024 13:26;;0.698;;0;;;;
15/10/2024 13:26;;0.635;;0;;;;
15/10/2024 13:27;;0.686;;0;;;;
15/10/2024 13:27;;0.717;;0;;;;
15/10/2024 13:27;;0.712;;0;;;;
15/10/2024 13:27;;1.26;;0;;;;
15/10/2024 13:28;;1.25;;0;;;;
15/10/2024 13:28;;1.35;;0;;;;
15/10/2024 13:28;;1.36;;0;;;;
15/10/2024 13:28;0;1.33;0;0;0;;0;
15/10/2024 13:29;0;1.37;0;0;0;;0;
15/10/2024 13:29;;1.21;;0;;;;
15/10/2024 13:29;;1.36;;0;;;;
15/10/2024 13:29;;1.35;;0;;;;
15/10/2024 13:30;;1.36;;0;;;;
15/10/2024 13:30;;1.33;;0;;;;
15/10/2024 13:30;;1.35;;0;;;;
15/10/2024 13:30;;0.992;;0;;;;
15/10/2024 13:31;;1.17;;0;;;;
15/10/2024 13:31;;1.36;;0;;;;
15/10/2024 13:31;;1.2;;0;;;;
15/10/2024 13:31;;1.19;;0;;;;
15/10/2024 13:32;;1.52;;0;;;;
15/10/2024 13:32;;1.33;;0;;;;
15/10/2024 13:32;;1.3;;0;;;;
15/10/2024 13:32;;1.37;;0;;;;
15/10/2024 13:33;;1.45;;0;;;;
15/10/2024 13:33;;1.31;;0;;;;
15/10/2024 13:33;;1.17;;0;;;;
15/10/2024 13:33;;1.23;;0;;;;
15/10/2024 13:34;;2.77;;0;;;;
15/10/2024 13:34;;2.94;;0;;;;
15/10/2024 13:34;;2.81;;0;;;;
15/10/2024 13:34;;2.93;;0;;;;
15/10/2024 13:35;;2.83;;0;;;;
15/10/2024 13:35;;2.73;;0;;;;
15/10/2024 13:35;;2.71;;0;;;;
15/10/2024 13:35;;2.91;;0;;;;
15/10/2024 13:36;;2.82;;0;;;;
15/10/2024 13:36;;2.45;;0;;;;
15/10/2024 13:36;;3.38;;0;;;;
15/10/2024 13:36;;2.91;;0;;;;
15/10/2024 13:37;;2.03;;0;;;;
15/10/2024 13:37;;2.41;;0;;;;
15/10/2024 13:37;;2.4;;0;;;;
15/10/2024 13:37;;2.66;;0;;;;
15/10/2024 13:38;;2.32;;0;;;;
15/10/2024 13:38;;2.36;;0;;;;
15/10/2024 13:38;;2.03;;0;;;;
15/10/2024 13:38;;3.37;;0;;;;
15/10/2024 13:39;;2.15;;0;;;;
15/10/2024 13:39;;2.27;;0;;;;
15/10/2024 13:39;;2.72;;0;;;;
15/10/2024 13:40;;4.52;;0;;;;
15/10/2024 13:40;;0;;0;;0;;
15/10/2024 13:40;;0;;0;;0;;
15/10/2024 13:41;;3.23;;0;;0;;
15/10/2024 13:41;;2.65;;0;;0;;
15/10/2024 13:41;;4.13;;0;;0;;
15/10/2024 13:41;;3.42;;0;;0;;
15/10/2024 13:42;;0;;0;;0;;
15/10/2024 13:42;;0;;0;;0;;
15/10/2024 13:42;;6.43;;30;;0;;
15/10/2024 13:42;;1.05;;0;;0;;
15/10/2024 13:43;;28.2;;0;;0;;
15/10/2024 13:43;;1.55;;0;;0;;
15/10/2024 13:43;;0.806;;0;;0;;
15/10/2024 13:43;;1.1;;0;;0;;
15/10/2024 13:44;;1.17;;0;;0;;
15/10/2024 13:44;;0.964;;0;;0;;
15/10/2024 13:44;;1.04;;0;;0;;
15/10/2024 13:44;;1.12;;0;;0;;
15/10/2024 13:45;;0.728;;0;;0;;
15/10/2024 13:45;;0.794;;305;;279;;
15/10/2024 13:45;;0.691;;0;;0;;
15/10/2024 13:45;;0.71;;0;;0;;
15/10/2024 13:46;;0.723;;0;;0;;
15/10/2024 13:46;;1.3;;0;;0;;
15/10/2024 13:46;;1.42;;0;;0;;
15/10/2024 13:46;;1.27;;0;;0;;
15/10/2024 13:47;;1.29;;0;;305;;
15/10/2024 13:47;;1.35;;0;;0;;
15/10/2024 13:47;;1.37;;0;;0;;
15/10/2024 13:47;;1.54;;0;;0;;
15/10/2024 13:48;;1.29;;0;;0;;
15/10/2024 13:48;;1.46;;0;;0;;
15/10/2024 13:48;;1.36;;0;;0;;
15/10/2024 13:48;;1.29;;0;;0;;
15/10/2024 13:49;;1.31;;0;;0;;
15/10/2024 13:49;;1.15;;0;;0;;
15/10/2024 13:49;;1.23;;0;;0;;
15/10/2024 13:49;;1.78;;0;;0;;
15/10/2024 13:50;;1.35;;0;;0;;
15/10/2024 13:50;;1.74;;0;;0;;
15/10/2024 13:50;;1.23;;0;;0;;
15/10/2024 13:50;;1.28;;0;;0;;
15/10/2024 13:51;;1.19;;0;;0;;
15/10/2024 13:51;;1.4;;0;;0;;
15/10/2024 13:51;;1.42;;0;;0;;
15/10/2024 13:51;;0.959;;0;;0;;
15/10/2024 13:52;;1.52;;0;;0;;
15/10/2024 13:52;;1.29;;0;;0;;
15/10/2024 13:52;;0;;0;;0;;
15/10/2024 13:52;;0;;30;;0;;
15/10/2024 13:53;;4.73;;30;;0;;
15/10/2024 13:53;;1;;0;;0;;
15/10/2024 13:53;;5.35;;30;;0;;
15/10/2024 13:53;;3.8;;0;;0;;
15/10/2024 13:54;;2.36;;0;;0;;
15/10/2024 13:54;;2.92;;0;;0;;
15/10/2024 13:54;;3.51;;0;;0;;
15/10/2024 13:54;;2.92;;0;;0;;
15/10/2024 13:55;;2.73;;0;;0;;
15/10/2024 13:55;;3.3;;0;;0;;
15/10/2024 13:55;;2.65;;0;;0;;
15/10/2024 13:55;;2.68;;0;;0;;
15/10/2024 13:56;;2.48;;0;;0;;
15/10/2024 13:56;;2.15;;0;;0;;
15/10/2024 13:56;;1.96;;0;;0;;
15/10/2024 13:56;;2.32;;0;;0;;
15/10/2024 13:57;;1.86;;0;;0;;
15/10/2024 13:57;;1.68;;0;;0;;
15/10/2024 13:57;;2.39;;305;;305;;
15/10/2024 13:57;;2.25;;0;;0;;0
15/10/2024 13:58;;2.74;;0;;0;;0
15/10/2024 13:58;;2.75;;0;;0;;0
15/10/2024 13:58;;3.25;;0;;0;;0
15/10/2024 13:58;;0;;0;;0;;0
15/10/2024 13:59;;0;;0;;0;;0
15/10/2024 13:59;;3.12;;0;;0;;0
15/10/2024 13:59;;3.45;;0;;0;;0
15/10/2024 13:59;;4.68;;30;;0;;0
15/10/2024 14:00;;0;;0;;0;;0
15/10/2024 14:00;;0;;30;;0;;0
15/10/2024 14:00;;1.61;;0;;0;;0
15/10/2024 14:00;;3.59;;0;;0;;0
15/10/2024 14:01;;3.59;;3.21;;2.39;;0
15/10/2024 14:01;;0;;0;;0;;0
15/10/2024 14:01;;28;;0;;0;;0
15/10/2024 14:01;;4.29;;0;;0;;0
15/10/2024 14:02;;5.52;;0;;0;;0
15/10/2024 14:02;;5.71;;0;;0;;0
15/10/2024 14:02;;4.74;;0;;0;;0
15/10/2024 14:02;;4.9;;0;;0;;0
15/10/2024 14:03;;4.83;;0;;0;;0
15/10/2024 14:03;;4.87;;0;;0;;0
15/10/2024 14:03;;5.02;;0;;0;;0
15/10/2024 14:03;;6.94;;0;;0;;0
15/10/2024 14:04;;7.17;;0;;0;;0
15/10/2024 14:04;;7.21;;30;;0;;0
15/10/2024 14:04;;8.08;;30;;0;;0
15/10/2024 14:04;;0;;30;;0;;0
15/10/2024 14:05;;27.1;;0;;0;;0
15/10/2024 14:05;;4.55;;0;;0;;0
15/10/2024 14:05;;4.74;;0;;0;;0
15/10/2024 14:05;;5.1;;0;;0;;0
15/10/2024 14:06;;3.91;;0;;305;;0
15/10/2024 14:06;;5.29;;0;;0;;0
15/10/2024 14:06;;3.89;;0;;0;;0
15/10/2024 14:06;;7.72;;0;;0;;0
15/10/2024 14:07;;3.19;;0;;0;;0
15/10/2024 14:07;;8.13;;30;;0;;0
15/10/2024 14:07;;6.49;;0;;0;;0
15/10/2024 14:07;;5.92;;30;;0;;0
15/10/2024 14:08;;4.96;;30;;0;;0
15/10/2024 14:08;;2.97;;0;;0;;0
15/10/2024 14:08;;5.86;;0;;0;;0
15/10/2024 14:08;;6.2;;0;;0;;0
15/10/2024 14:09;;7.85;;0;;0;;0
15/10/2024 14:09;;5.4;;0;;0;;0
15/10/2024 14:09;;5;;0;;0;;0
15/10/2024 14:09;;7.95;;0;;0;;0
15/10/2024 14:10;;6.15;;0;;0;;0
15/10/2024 14:10;;4.94;;0;;0;;0
15/10/2024 14:10;;7.42;;0;;0;;0
15/10/2024 14:10;;8.45;;0;;0;;0
15/10/2024 14:11;;6.11;;0;;0;;0
15/10/2024 14:11;;7.53;;0;;0;;0
15/10/2024 14:11;;3.97;;0;;0;;0
15/10/2024 14:11;;5.44;;0;;0;;0
15/10/2024 14:12;;6.25;;0;;0;;0
15/10/2024 14:12;;7.18;;0;;0;;0
15/10/2024 14:12;;6.27;;0;;0;;0
15/10/2024 14:12;;6.03;;0;;0;;0
15/10/2024 14:13;;7.09;;0;;0;;0
15/10/2024 14:13;;6.34;;0;;0;;0
15/10/2024 14:13;;6.53;;0;;0;;0
15/10/2024 14:13;;6.53;;0;;0;;0
15/10/2024 14:14;;7.44;;0;;0;;0
15/10/2024 14:14;;6.07;;0;;0;;0
15/10/2024 14:14;;0.558;;0;;0;;0
15/10/2024 14:14;;0.427;;0;;0;;0
15/10/2024 14:15;;0.416;;0;;0;;0
15/10/2024 14:15;;0.418;;0;;0;;0
15/10/2024 14:15;;0.367;;0;;0;;0
15/10/2024 14:15;;0.328;;0;;0;;0
15/10/2024 14:16;;0.331;;0;;0;;0
15/10/2024 14:16;;0.276;;0;;0;;0
15/10/2024 14:16;;0.245;;0;;0;;0
15/10/2024 14:16;;0.285;;0;;0;;0
15/10/2024 14:17;;0.218;;0;;0;;0
15/10/2024 14:17;;0.258;;0;;0;;0
15/10/2024 14:17;;0.308;;0;;0;;0
15/10/2024 14:17;;0.313;;0;;0;;0
15/10/2024 14:18;;0.324;;0;;0;;0
15/10/2024 14:18;;0.326;;0;;0;;0
15/10/2024 14:18;;0.318;;0;;0;;0
15/10/2024 14:18;;0.338;;0;;0;;0
15/10/2024 14:19;;0.333;;0;;0;;0
15/10/2024 14:19;;0.332;;0;;0;;0
15/10/2024 14:19;;0.315;;0;;0;;0
15/10/2024 14:19;;0.336;;0;;0;;0
15/10/2024 14:20;;0.315;;0;;0;;0
15/10/2024 14:20;;0.31;;0;;0;;0
15/10/2024 14:20;;0.318;;0;;0;;0
15/10/2024 14:20;;2.7;;0;;0;;0
15/10/2024 14:21;;2.08;;0;;0;;0
15/10/2024 14:21;;2.53;;0;;0;;0
15/10/2024 14:21;;1.99;;0;;0;;0
15/10/2024 14:21;;2.46;;0;;0;;0
15/10/2024 14:22;;2.03;;0;;0;;0
15/10/2024 14:22;;3.06;;0;;0;;0
15/10/2024 14:22;;5.93;;0;;0;;0
15/10/2024 14:22;;6.65;;0;;0;;0
15/10/2024 14:23;;6.48;;0;;0;;0
15/10/2024 14:23;;8.59;;0;;0;;0
15/10/2024 14:23;;5.83;;0;;0;;0
15/10/2024 14:23;;0;;0;;0;;0
15/10/2024 14:24;;4.18;;0;;0;;0
15/10/2024 14:24;;4.6;;30;;0;;0
15/10/2024 14:24;;5.13;;0;;0;;0
15/10/2024 14:24;;5.7;;30;;0;;0
15/10/2024 14:25;;6.27;;0;;0;;0
15/10/2024 14:25;;5.98;;0;;0;;0
15/10/2024 14:25;;5.85;;0;;0;;0
15/10/2024 14:25;;6.92;;0;;0;;0
15/10/2024 14:26;;5.85;;0;;0;;0
15/10/2024 14:26;;6.32;;0;;0;;0
15/10/2024 14:26;;6.18;;0;;0;;0
15/10/2024 14:26;;5.1;;0;;0;;0
15/10/2024 14:27;;0.618;;0;;0;;0
15/10/2024 14:27;;0.474;;0;;0;;0
15/10/2024 14:27;;0.4;;0;;0;;0
15/10/2024 14:27;;0.47;;0;;0;;0
15/10/2024 14:28;;0.334;;0;;0;;0
15/10/2024 14:28;;0.319;;0;;0;;0
15/10/2024 14:28;;0.294;;0;;0;;0
15/10/2024 14:28;;0.254;;0;;0;;0
15/10/2024 14:29;;0.27;;0;;0;;0
15/10/2024 14:29;;0.229;;0;;0;;0
15/10/2024 14:29;;0.222;;0;;0;;0
15/10/2024 14:29;;0.246;;0;;0;;0
15/10/2024 14:30;;0.326;;0;;0;;0
15/10/2024 14:30;;0.316;;0;;0;;0
15/10/2024 14:30;;0.314;;0;;0;;0
15/10/2024 14:30;;0.327;;0;;0;;0
15/10/2024 14:31;;0.324;;0;;0;;0
15/10/2024 14:31;;0.313;;0;;0;;0
15/10/2024 14:31;;0.325;;0;;0;;0
15/10/2024 14:31;;0.359;;0;;0;;0
15/10/2024 14:32;;0.326;;0;;0;;0
15/10/2024 14:32;;0.311;;0;;0;;0
15/10/2024 14:32;;0.316;;0;;0;;0
15/10/2024 14:32;;0.333;;0;;0;;0
15/10/2024 14:33;;0.563;;0;;0;;0
15/10/2024 14:33;;0.647;;0;;0;;0
15/10/2024 14:33;;0.616;;0;;0;;0
15/10/2024 14:33;;0.651;;0;;0;;0
15/10/2024 14:34;;0.607;;0;;0;;0
15/10/2024 14:34;;0.582;;0;;0;;0
15/10/2024 14:34;;0.619;;0;;0;;0
15/10/2024 14:34;;0.7;;0;;0;;0
15/10/2024 14:35;;0.648;;0;;0;;0
15/10/2024 14:35;;0.562;;0;;0;;0
15/10/2024 14:35;;0.609;;0;;0;;0
15/10/2024 14:35;;0.61;;0;;0;;0
15/10/2024 14:36;;1.2;;0;;0;;0
15/10/2024 14:36;;1.43;;0;;0;;0
15/10/2024 14:36;;1.29;;0;;0;;0
15/10/2024 14:36;;1.38;;0;;0;;0
15/10/2024 14:37;;1.39;;0;;0;;0
15/10/2024 14:37;;1.41;;0;;0;;0
15/10/2024 14:37;;1.32;;0;;0;;0
15/10/2024 14:37;;1.28;;0;;0;;0
15/10/2024 14:38;;1.33;;0;;0;;0
15/10/2024 14:38;;1.4;;0;;0;;0
15/10/2024 14:38;;1.33;;0;;0;;0
15/10/2024 14:38;;1.34;;0;;0;;0
15/10/2024 14:39;;1.47;;0;;0;;0
15/10/2024 14:39;;1.34;;0;;0;;0
15/10/2024 14:39;;1.16;;0;;0;;0
15/10/2024 14:39;;1.24;;0;;0;;0
15/10/2024 14:40;;1.01;;0;;0;;0
15/10/2024 14:40;;1.45;;0;;0;;0
15/10/2024 14:40;;1.4;;0;;0;;0
15/10/2024 14:40;;1.29;;0;;0;;0
15/10/2024 14:41;;1.31;;0;;0;;0
15/10/2024 14:41;;1.06;;0;;0;;0
15/10/2024 14:41;;1.5;;0;;0;;0
15/10/2024 14:41;;1.35;;0;;0;;0
15/10/2024 14:42;;1.35;;0;;0;;0
15/10/2024 14:42;;3.09;;0;;0;;0
15/10/2024 14:42;;0;;0;;0;;0
15/10/2024 14:42;;0;;0;;0;;0
15/10/2024 14:43;;1.05;;0;;0;;0
15/10/2024 14:43;;1.97;;0;;0;;0
15/10/2024 14:43;;2.69;;0;;0;;0
15/10/2024 14:43;;2.34;;0;;0;;0
15/10/2024 14:44;;3.63;;0;;0;;0
15/10/2024 14:44;;3.1;;0;;0;;0
15/10/2024 14:44;;3.4;;0;;0;;0
15/10/2024 14:44;;2.65;;0;;0;;0
15/10/2024 14:45;;3.04;;0;;0;;0
15/10/2024 14:45;;1.59;;0;;0;;0
15/10/2024 14:45;;1.88;;0;;0;;0
15/10/2024 14:45;;2.21;;0;;0;;0
15/10/2024 14:46;;2.41;;0;;0;;0
15/10/2024 14:46;;2.45;;0;;0;;0
15/10/2024 14:46;;2.27;;0;;0;;0
15/10/2024 14:46;;2.28;;0;;0;;0
15/10/2024 14:47;;2.15;;0;;0;;0
15/10/2024 14:47;;2.16;;0;;0;;0
15/10/2024 14:47;;1.95;;0;;0;;0
15/10/2024 14:47;;2.03;;0;;0;;0
15/10/2024 14:48;;2.45;;0;;0;;0
15/10/2024 14:48;;3.52;;0;;0;;0
15/10/2024 14:48;;4.43;;4.2;;0.899;;0
15/10/2024 14:48;;0;;0;;0;;0
15/10/2024 14:49;;12.6;;0;;0;;0
15/10/2024 14:49;;1.03;;0;;0;;0
15/10/2024 14:49;;3.64;;0;;0;;0
15/10/2024 14:49;;0;;0;;0;;0
15/10/2024 14:50;;0;;0;;0;;0
15/10/2024 14:50;;2.28;;0;;0;;0
15/10/2024 14:50;;3.28;;0;;0;;0
15/10/2024 14:50;;3.14;;30;;0;;0
15/10/2024 14:51;;1.54;;0;;0;;0
15/10/2024 14:51;;3.19;;0;;0;;0
15/10/2024 14:51;;2.2;;1.49;;0;;0
15/10/2024 14:51;;4.68;;0;;0;;0
15/10/2024 14:52;;4.36;;30;;0;;0
15/10/2024 14:52;;4.73;;0;;0;;0
15/10/2024 14:52;;4.71;;30;;0;;0
15/10/2024 14:52;;4.31;;0;;0;;0
15/10/2024 14:53;;5.14;;30;;0;;0
15/10/2024 14:53;;4.46;;0;;0;;0
15/10/2024 14:53;;5.32;;30;;0;;0
15/10/2024 14:53;;8.56;;0;;0;;0
15/10/2024 14:54;;6.95;;30;;0;;0
15/10/2024 14:54;;7.93;;30;;0;;0
15/10/2024 14:54;;8.09;;30;;0;;0
15/10/2024 14:54;;0;;30;;305;;0
15/10/2024 14:55;;7.38;;0;;0;;0
15/10/2024 14:55;;5.18;;0;;0;;0
15/10/2024 14:55;;6.6;;0;;0;;0
15/10/2024 14:55;;3.95;;0;;0;;0
15/10/2024 14:56;;7.64;;0;;0;;0
15/10/2024 14:56;;3.58;;0;;0;;0
15/10/2024 14:56;;8.2;;0;;0;;0
15/10/2024 14:56;;3.57;;0;;0;;0
15/10/2024 14:57;;6.9;;30;;0;;0
15/10/2024 14:57;;5.88;;30;;0;;0
15/10/2024 14:57;;6.24;;0;;0;;0
15/10/2024 14:57;;6.49;;0;;0;;0
15/10/2024 14:58;;0.973;;0;;0;;0
15/10/2024 14:58;;5.22;;0;;0;;0
15/10/2024 14:58;;7.67;;30;;0;;0
15/10/2024 14:58;;5.45;;0;;0;;0
15/10/2024 14:59;;4.55;;30;;0;;0
15/10/2024 14:59;;4.43;;0;;0;;0
15/10/2024 14:59;;5.35;;30;;0;;0
15/10/2024 14:59;;5.3;;0;;0;;0
15/10/2024 15:00;;4.66;;30;;0;;0
15/10/2024 15:00;;7.04;;0;;0;;0
15/10/2024 15:00;;5.77;;30;;0;;0
15/10/2024 15:00;;8.31;;30;;0;;0
15/10/2024 15:01;;7.88;;30;;0;;0
15/10/2024 15:01;;0;;30;;0;;0
15/10/2024 15:01;;1.07;;0;;0;;0
15/10/2024 15:01;;3.52;;0;;0;;0
15/10/2024 15:02;;4.15;;0;;0;;0
15/10/2024 15:02;;3.69;;0;;0;;0
15/10/2024 15:02;;3.34;;30;;0;;0
15/10/2024 15:02;;3.03;;0;;0;;0
15/10/2024 15:03;;4.37;;30;;0;;0
15/10/2024 15:03;;4.06;;0;;0;;0
15/10/2024 15:03;;3.78;;30;;0;;0
15/10/2024 15:03;;5.98;;30;;0;;0
15/10/2024 15:04;;5.59;;30;;0;;0
15/10/2024 15:04;;5.38;;30;;0;;0
15/10/2024 15:04;;10.2;;30;;0;;0
15/10/2024 15:04;;4.14;;0;;0;;0
15/10/2024 15:05;;6.77;;0;;0;;0
15/10/2024 15:05;;4.6;;0;;0;;0
15/10/2024 15:05;;8.3;;0;;0;;0
15/10/2024 15:05;;5.67;;0;;0;;0
15/10/2024 15:06;;7.32;;0;;0;;0
15/10/2024 15:06;;6.56;;0;;0;;0
15/10/2024 15:06;;6.81;;0;;0;;0
15/10/2024 15:06;;6.21;;0;;0;;0
15/10/2024 15:07;;7.73;;0;;0;;0
15/10/2024 15:07;;5.8;;0;;0;;0
15/10/2024 15:07;;5.76;;0;;0;;0
15/10/2024 15:07;;0;;0;;0;;0
15/10/2024 15:08;;2.72;;0;;0;;0
15/10/2024 15:08;;6.46;;30;;0;;0
15/10/2024 15:08;;4.82;;0;;0;;0
15/10/2024 15:08;;4.5;;30;;0;;0
15/10/2024 15:09;;6.05;;0;;0;;0
15/10/2024 15:09;;6.57;;0;;0;;0
15/10/2024 15:09;;6.69;;0;;0;;0
15/10/2024 15:09;;5.83;;0;;0;;0
15/10/2024 15:10;;5.84;;0;;0;;0
15/10/2024 15:10;;6.36;;0;;0;;0
15/10/2024 15:10;;5.83;;0;;0;;0
15/10/2024 15:10;;5.81;;0;;0;;0
15/10/2024 15:11;;0.667;;0;;0;;0
15/10/2024 15:11;;0.415;;0;;0;;0
15/10/2024 15:11;;0.413;;0;;0;;0
15/10/2024 15:11;;0.445;;0;;0;;0
15/10/2024 15:12;;0.315;;0;;0;;0
15/10/2024 15:12;;0.319;;0;;0;;0
15/10/2024 15:12;;0.309;;0;;0;;0
15/10/2024 15:12;;0.243;;0;;0;;0
15/10/2024 15:13;;0.256;;0;;0;;0
15/10/2024 15:13;;0.301;;0;;0;;0
15/10/2024 15:13;;0.234;;0;;0;;0
15/10/2024 15:13;;0.235;;0;;0;;0
15/10/2024 15:14;;0.31;;0;;0;;0
15/10/2024 15:14;;0.314;;0;;0;;0
15/10/2024 15:14;;0.31;;0;;0;;0
15/10/2024 15:14;;0.322;;0;;0;;0
15/10/2024 15:15;;0.327;;0;;0;;0
15/10/2024 15:15;;0.322;;0;;0;;0
15/10/2024 15:15;;0.354;;0;;0;;0
15/10/2024 15:15;;0.328;;0;;0;;0
15/10/2024 15:16;;0.32;;0;;0;;0
15/10/2024 15:16;;0.313;;0;;0;;0
15/10/2024 15:16;;0.319;;0;;0;;0
15/10/2024 15:16;;0.33;;0;;0;;0
15/10/2024 15:17;;0.548;;0;;0;;0
15/10/2024 15:17;;0.606;;0;;0;;0
15/10/2024 15:17;;0.64;;0;;0;;0
15/10/2024 15:17;;0.636;;0;;0;;0
15/10/2024 15:18;;0.687;;0;;0;;0
15/10/2024 15:18;;0.604;;0;;0;;0
15/10/2024 15:18;;0.621;;0;;0;;0
15/10/2024 15:18;;0.569;;0;;0;;0
15/10/2024 15:19;;0.611;;0;;0;;0
15/10/2024 15:19;;0.605;;0;;0;;0
15/10/2024 15:19;;0.682;;0;;0;;0
15/10/2024 15:19;;0.639;;0;;0;;0
15/10/2024 15:20;;0.937;;0;;0;;0
15/10/2024 15:20;;1.34;;0;;0;;0
15/10/2024 15:20;;1.36;;0;;0;;0
15/10/2024 15:20;;1.21;;0;;0;;0
15/10/2024 15:21;;1.41;;0;;0;;0
15/10/2024 15:21;;1.36;;0;;0;;0
15/10/2024 15:21;;1.35;;0;;0;;0
15/10/2024 15:21;;1.27;;0;;0;;0
15/10/2024 15:22;;1.32;;0;;0;;0
15/10/2024 15:22;;1.43;;0;;0;;0
15/10/2024 15:22;;1.31;;0;;0;;0
15/10/2024 15:22;;1.31;;0;;0;;0
15/10/2024 15:23;;1.28;;0;;0;;0
15/10/2024 15:23;;1.3;;0;;0;;0
15/10/2024 15:23;;1.43;;0;;0;;0
15/10/2024 15:23;;1.15;;0;;0;;0
15/10/2024 15:24;;1.28;;0;;0;;0
15/10/2024 15:24;;1.07;;0;;0;;0
15/10/2024 15:24;;1.23;;0;;0;;0
15/10/2024 15:24;;1.27;;0;;0;;0
15/10/2024 15:25;;1.27;;0;;0;;0
15/10/2024 15:25;;1.23;;0;;0;;0
15/10/2024 15:25;;1.21;;0;;0;;0
15/10/2024 15:25;;1.57;;0;;0;;0
15/10/2024 15:26;;1.07;;0;;0;;0
15/10/2024 15:26;;2.39;;0;;0;;0
15/10/2024 15:26;;1.42;;0;;0;;0
15/10/2024 15:26;;3.87;;0;;0;;0
15/10/2024 15:27;;2.98;;0;;0;;0
15/10/2024 15:27;;2.62;;0;;0;;0
15/10/2024 15:27;;3.21;;0;;0;;0
15/10/2024 15:27;;3.24;;0;;0;;0
15/10/2024 15:28;;2.58;;0;;0;;0
15/10/2024 15:28;;2.42;;0;;0;;0
15/10/2024 15:28;;2.79;;0;;0;;0
15/10/2024 15:28;;3.12;;0;;0;;0
15/10/2024 15:29;;2.58;;0;;0;;0
15/10/2024 15:29;;2.53;;0;;0;;0
15/10/2024 15:29;;2.14;;0;;0;;0
15/10/2024 15:29;;2.34;;0;;0;;0
15/10/2024 15:30;;1.92;;0;;0;;0
15/10/2024 15:30;;2.57;;0;;0;;0
15/10/2024 15:30;;2.19;;0;;0;;0
15/10/2024 15:30;;2.42;;0;;0;;0
15/10/2024 15:31;;1.72;;0;;0;;0
15/10/2024 15:31;;1.82;;0;;0;;0
15/10/2024 15:31;;2.51;;0;;0;;0
15/10/2024 15:31;;2.01;;0;;0;;0
15/10/2024 15:32;;2.37;;0;;0;;0
15/10/2024 15:32;;2.53;;0;;0;;0
15/10/2024 15:32;;5.55;;0;;0;;0
15/10/2024 15:32;;0;;0;;0;;0
15/10/2024 15:33;;0;;0;;0;;0
15/10/2024 15:33;;2.18;;0;;0;;0
15/10/2024 15:33;;1.38;;0;;0;;0
15/10/2024 15:33;;5.08;;4.06;;3.74;;0
15/10/2024 15:34;;0;;0;;0;;0
15/10/2024 15:34;;29.4;;0;;0;;0
15/10/2024 15:34;;3.14;;0;;0;;0
15/10/2024 15:34;;3.8;;0;;0;;0
15/10/2024 15:35;;0;;0;;0;;0
15/10/2024 15:35;;0;;0;;0;;0
15/10/2024 15:35;;0.588;;0;;0;;0
15/10/2024 15:35;;2.01;;0;;0;;0
15/10/2024 15:36;;1.24;;0;;0;;0
15/10/2024 15:36;;1.19;;0;;0;;0
15/10/2024 15:36;;1.1;;0;;0;;0
15/10/2024 15:36;;0.676;;0;;0;;0
15/10/2024 15:37;;0.893;;0;;0;;0
15/10/2024 15:37;;0.694;;0;;0;;0
15/10/2024 15:37;;0.672;;0;;0;;0
15/10/2024 15:37;;0.765;;0;;0;;0
15/10/2024 15:38;;0.675;;0;;0;;0
15/10/2024 15:38;;0.623;;0;;0;;0
15/10/2024 15:38;;0.768;;0;;0;;0
15/10/2024 15:38;;1.4;;0;;305;;0
15/10/2024 15:39;;1.23;;0;;0;;0
15/10/2024 15:39;;1.26;;0;;0;;0
15/10/2024 15:39;;1.34;;0;;0;;0
15/10/2024 15:39;;1.18;;0;;0;;0
15/10/2024 15:40;;1.32;;0;;0;;0
15/10/2024 15:40;;1.31;;0;;0;;0
15/10/2024 15:40;;1.29;;0;;0;;0
15/10/2024 15:40;;1.27;;0;;0;;0
15/10/2024 15:41;;1.32;;0;;0;;0
15/10/2024 15:41;;1.3;;0;;0;;0
15/10/2024 15:41;;1.44;;0;;0;;0
15/10/2024 15:41;;1.18;;0;;0;;0
15/10/2024 15:42;;1.16;;0;;0;;0
15/10/2024 15:42;;1.28;;0;;0;;0
15/10/2024 15:42;;1.27;;0;;0;;0
15/10/2024 15:42;;1.53;;0;;0;;0
15/10/2024 15:43;;1.25;;0;;0;;0
15/10/2024 15:43;;1.21;;0;;0;;0
15/10/2024 15:43;;1.53;;0;;0;;0
15/10/2024 15:43;;1.6;;0;;0;;0
15/10/2024 15:44;;1.32;;0;;0;;0
15/10/2024 15:44;;1.26;;0;;0;;0
15/10/2024 15:44;;1.18;;0;;0;;0
15/10/2024 15:44;;2.7;;0;;0;;0
15/10/2024 15:45;;0;;0;;0;;0
15/10/2024 15:45;;0;;0;;0;;0
15/10/2024 15:45;;1.69;;0;;0;;0
15/10/2024 15:45;;0.812;;0;;0;;0
15/10/2024 15:46;;2.34;;0;;0;;0
15/10/2024 15:46;;3.02;;0;;0;;0
15/10/2024 15:46;;3.4;;0;;0;;0
15/10/2024 15:46;;2.72;;0;;0;;0
15/10/2024 15:47;;2.56;;0;;0;;0
15/10/2024 15:47;;2.89;;0;;0;;0
15/10/2024 15:47;;3.34;;0;;0;;0
15/10/2024 15:47;;1.75;;0;;0;;0
15/10/2024 15:48;;2.41;;0;;0;;0
15/10/2024 15:48;;2.13;;0;;0;;0
15/10/2024 15:48;;2.52;;0;;0;;0
15/10/2024 15:48;;1.94;;0;;0;;0
15/10/2024 15:49;;2.14;;0;;0;;0
15/10/2024 15:49;;1.83;;0;;0;;0
15/10/2024 15:49;;1.83;;0;;0;;0
15/10/2024 15:49;;2.14;;0;;0;;0
15/10/2024 15:50;;2.19;;0;;0;;0
15/10/2024 15:50;;1.92;;0;;0;;0
15/10/2024 15:50;;1.76;;0;;0;;0
15/10/2024 15:50;;2.74;;0;;0;;0
15/10/2024 15:51;;0;;3.89;;2.19;;0
15/10/2024 15:51;;0;;0;;0;;0
15/10/2024 15:51;;0;;0;;0;;0
15/10/2024 15:51;;0;;0;;0;;0
15/10/2024 15:52;;0;;0;;0;;0
15/10/2024 15:52;;0;;0;;0;;0
15/10/2024 15:52;;0;;0;;0;;0
15/10/2024 15:52;;0;;0;;0;;0
15/10/2024 15:53;;0;;0;;0;;0
15/10/2024 15:53;;0;;0;;0;;0
15/10/2024 15:53;;0;;0;;0;;0
15/10/2024 15:53;;0;;0;;0;;0
15/10/2024 15:54;;0;;0;;0;;0
15/10/2024 15:54;;0;;0;;0;;0
15/10/2024 15:54;;0;;0;;0;;0
15/10/2024 15:54;;0;;0;;0;;0
15/10/2024 15:55;;0;;0;;0;;0
15/10/2024 15:55;;0;;0;;0;;0
15/10/2024 15:55;;0;;0;;0;;0
15/10/2024 15:55;;0;;0;;0;;0
15/10/2024 15:56;;0;;0;;0;;0
15/10/2024 15:56;;0;;0;;0;;0
15/10/2024 15:56;;0;;0;;0;;0
15/10/2024 15:56;;0;;0;;0;;0
15/10/2024 15:57;;0;;0;;0;;0
15/10/2024 15:57;;0;;0;;0;;0
15/10/2024 15:57;;0;;0;;0;;0
15/10/2024 15:57;;0;;0;;0;;0
15/10/2024 15:58;;0;;0;;0;;0
15/10/2024 15:58;;0;;0;;0;;0
15/10/2024 15:58;;0;;0;;0;;0
15/10/2024 15:58;;0;;0;;0;;0
15/10/2024 15:59;;0;;0;;0;;0
15/10/2024 15:59;;0;;0;;0;;0
15/10/2024 15:59;;0;;0;;0;;0
15/10/2024 15:59;;0;;0;;0;;0
15/10/2024 16:00;;0;;0;;0;;0
15/10/2024 16:00;;0;;0;;0;;0
15/10/2024 16:00;;0;;0;;0;;0
15/10/2024 16:00;;0;;0;;0;;0
15/10/2024 16:01;;0;;0;;0;;0
15/10/2024 16:01;;0;;0;;0;;0
15/10/2024 16:01;;0;;0;;0;;0
15/10/2024 16:01;;0;;0;;0;;0
15/10/2024 16:02;;0;;0;;0;;0
15/10/2024 16:02;;0;;0;;0;;0
15/10/2024 16:02;;0;;0;;0;;0
15/10/2024 16:02;;0;;0;;0;;0
15/10/2024 16:03;;0;;0;;0;;0
15/10/2024 16:03;;0;;0;;0;;0
15/10/2024 16:03;;0;;0;;0;;0
15/10/2024 16:03;;0;;0;;0;;0
15/10/2024 16:04;;0;;0;;0;;0
15/10/2024 16:04;;0;;0;;0;;0
15/10/2024 16:04;;0;;0;;0;;0
15/10/2024 16:04;;0;;0;;0;;0
15/10/2024 16:05;;0;;0;;0;;0
15/10/2024 16:05;;0;;0;;0;;0
15/10/2024 16:05;;0;;0;;0;;0
15/10/2024 16:05;;0;;0;;0;;0
15/10/2024 16:06;;0;;0;;0;;0
15/10/2024 16:06;;0;;0;;0;;0
15/10/2024 16:06;;0;;0;;0;;0
15/10/2024 16:06;;0;;0;;0;;0
15/10/2024 16:07;;0;;0;;0;;0
15/10/2024 16:07;;0;;0;;0;;0
15/10/2024 16:07;;0;;0;;0;;0
15/10/2024 16:07;;0;;0;;0;;0
15/10/2024 16:08;;0;;0;;0;;0
15/10/2024 16:08;;0;;0;;0;;0
15/10/2024 16:08;;0;;0;;0;;0
15/10/2024 16:08;;0;;0;;0;;0
15/10/2024 16:09;;0;;0;;0;;0
15/10/2024 16:09;;0;;0;;0;;0
15/10/2024 16:09;;0;;0;;0;;0
15/10/2024 16:09;;0;;0;;0;;0
15/10/2024 16:10;;0;;0;;0;;0
15/10/2024 16:10;;0;;0;;0;;0
15/10/2024 16:10;;0;;0;;0;;0
15/10/2024 16:10;;0;;0;;0;;0
15/10/2024 16:11;;0;;0;;0;;0
15/10/2024 16:11;;0;;0;;0;;0
15/10/2024 16:11;;0;;0;;0;;0
15/10/2024 16:11;;0;;0;;0;;0
15/10/2024 16:12;;0;;0;;0;;0
15/10/2024 16:12;;0;;0;;0;;0
15/10/2024 16:12;;0;;0;;0;;0
15/10/2024 16:12;;0;;0;;0;;0
