Iteración, tamaño, formato, id, enviadas, recibidas
0, 4,.jpg, 120759691, 31, 29
0, 4,.jpg, -1694488549, 32, 31
0, 4,.jpg, -671963345, 19, 16
0, 4,.jpg, -424889673, 19, 16
0, 4,.jpg, -1987858376, 39, 39
0, 4,.jpg, 378914639, 21, 19
0, 4,.jpg, 800915443, 15, 11
0, 4,.jpg, -1301378901, 12, 8
0, 4,.jpg, -1220061868, 32, 30
0, 4,.jpg, 1030820800, 30, 29
0, 4,.jpg, -710981686, 13, 9
0, 4,.jpg, -1435780009, 6, 0
0, 4,.jpg, -1210228687, 25, 23
0, 4,.jpg, -1706726796, 14, 11
0, 4,.jpg, 5923956, 31, 30
0, 4,.jpg, -286334936, 9, 4
0, 4,.jpg, -784913189, 13, 9
0, 4,.jpg, -178999319, 9, 4
0, 4,.jpg, 1190636059, 9, 4
0, 4,.jpg, -277979646, 21, 18
0, 4,.jpg, -321824840, 32, 31
0, 4,.jpg, -868005841, 29, 27
0, 4,.jpg, -1811927623, 23, 20
0, 4,.jpg, 1020661888, 13, 9
0, 4,.jpg, 636077873, 25, 22
0, 4,.jpg, -1320318735, 7, 1
0, 4,.jpg, 1148735780, 18, 14
0, 4,.jpg, 566218594, 12, 8
0, 4,.jpg, -40097251, 29, 28
0, 4,.jpg, 1920192280, 30, 29
0, 4,.png, -575685799, 31, 30
0, 4,.png, -228941694, 23, 21
0, 4,.png, 1792357254, 25, 23
0, 4,.png, 1506973878, 12, 8
0, 4,.png, 694278261, 9, 4
0, 4,.png, 290005011, 28, 27
0, 4,.png, 85403525, 12, 8
0, 4,.png, -1398280307, 14, 10
0, 4,.png, 152037890, 9, 4
0, 4,.png, 1789431237, 26, 24
0, 4,.png, -176347072, 9, 4
0, 4,.png, -1005857404, 9, 4
0, 4,.png, -2093107509, 26, 24
0, 4,.png, 1359854115, 25, 23
0, 4,.png, -1258327565, 12, 8
0, 4,.png, 936132542, 23, 20
0, 4,.png, 482684909, 10, 5
0, 4,.png, -179500385, 36, 36
0, 4,.png, -150005302, 32, 31
0, 4,.png, -589083934, 14, 10
0, 4,.png, -726273243, 37, 36
0, 4,.png, 1496419840, 20, 17
0, 4,.png, 1465923114, 37, 37
0, 4,.png, 2039748750, 10, 6
0, 4,.png, 821622320, 17, 14
0, 4,.png, 1180781403, 11, 7
0, 4,.png, -905886687, 32, 32
0, 4,.png, -467749220, 23, 22
0, 4,.png, -1585920702, 23, 21
0, 4,.png, -1263982485, 12, 8
0, 5,.jpg, -795761398, 24, 23
0, 5,.jpg, -476150170, 20, 19
0, 5,.jpg, -149118945, 24, 24
0, 5,.jpg, 2117201071, 18, 17
0, 5,.jpg, -1321099174, 26, 26
0, 5,.jpg, -1864900836, 29, 29
0, 5,.jpg, -236514091, 17, 15
0, 5,.jpg, -635257176, 26, 26
0, 5,.jpg, 1827585518, 32, 32
0, 5,.jpg, 874958643, 20, 19
0, 5,.jpg, -1767818930, 25, 25
0, 5,.jpg, -1945374097, 22, 22
0, 5,.jpg, -243752371, 32, 32
0, 5,.jpg, 2114786874, 27, 27
0, 5,.jpg, 485155159, 26, 26
0, 5,.png, -1893064870, 33, 33
0, 5,.png, -1789245993, 27, 26
0, 5,.png, -1184219497, 23, 22
0, 5,.png, 467477513, 30, 30
0, 5,.png, -1602915203, 32, 32
0, 5,.png, 2048903533, 36, 36
0, 5,.png, -610253604, 23, 22
0, 5,.png, -1822089772, 28, 27
0, 5,.png, 1236188542, 26, 26
0, 5,.png, 1497055481, 33, 33
0, 5,.png, 1152574845, 31, 31
0, 5,.png, 1046403681, 28, 28
0, 5,.png, -1853502336, 22, 20
0, 5,.png, 1257032813, 28, 28
0, 5,.png, -587968061, 29, 29
0, 0,.jpg, 253754790, 562, 562
0, 0,.jpg, -1969748018, 559, 559
0, 0,.jpg, -611202075, 512, 512
0, 0,.jpg, 1086536827, 512, 512
0, 0,.jpg, 1594675747, 510, 510
0, 0,.jpg, 178034634, 490, 490
0, 0,.jpg, -263063872, 492, 492
0, 0,.jpg, -1935741604, 548, 548
0, 0,.jpg, -1797110832, 484, 484
0, 0,.jpg, -249088112, 531, 531
0, 0,.jpg, 63862055, 538, 538
0, 0,.jpg, -870937066, 505, 505
0, 0,.jpg, 1151309262, 544, 544
0, 0,.jpg, 1842421550, 536, 536
0, 0,.jpg, -1090921294, 483, 483
0, 0,.jpg, -767402621, 530, 530
0, 0,.jpg, 1693016191, 499, 499
0, 0,.jpg, 1158236360, 537, 537
0, 0,.jpg, -223302244, 542, 542
0, 0,.jpg, 1759947492, 461, 461
0, 0,.jpg, 942675786, 536, 536
0, 0,.jpg, -1531179636, 574, 574
0, 0,.jpg, 1342948925, 560, 560
0, 0,.jpg, 1712887270, 540, 540
0, 0,.jpg, -823213932, 480, 480
0, 0,.jpg, 1291317897, 494, 494
0, 0,.jpg, -1572934838, 534, 534
0, 0,.jpg, 356672673, 489, 489
0, 0,.jpg, 1039762029, 560, 560
0, 0,.jpg, 1650576866, 500, 500
0, 0,.png, 572396533, 478, 478
0, 0,.png, -1223647365, 465, 465
0, 0,.png, -296072730, 462, 462
0, 0,.png, -353867180, 444, 444
0, 0,.png, 804857609, 445, 445
0, 0,.png, -1143520675, 477, 477
0, 0,.png, 1293307931, 454, 454
0, 0,.png, -1934833618, 466, 466
0, 0,.png, 1283202073, 485, 485
0, 0,.png, -656134896, 458, 458
0, 0,.png, -1109996700, 475, 475
0, 0,.png, 1112414610, 461, 461
0, 0,.png, 1941183079, 456, 456
0, 0,.png, -581903040, 452, 452
0, 0,.png, 2141279595, 453, 453
0, 0,.png, -74293787, 480, 480
0, 0,.png, -1239505634, 460, 460
0, 0,.png, -1891673998, 481, 481
0, 0,.png, 436542630, 482, 482
0, 0,.png, -895198126, 464, 464
0, 0,.png, -1600921338, 467, 467
0, 0,.png, -1438562132, 475, 475
0, 0,.png, -522311549, 461, 461
0, 0,.png, -292342839, 466, 466
0, 0,.png, -78557988, 490, 490
0, 0,.png, -1392881150, 450, 450
0, 0,.png, 1929319697, 477, 477
0, 0,.png, 46822564, 463, 463
0, 0,.png, 2004688718, 484, 484
0, 0,.png, 914214079, 450, 450
0, 1,.jpg, -258115660, 235, 235
0, 1,.jpg, 33084861, 254, 254
0, 1,.jpg, 311378379, 233, 233
0, 1,.jpg, 634810533, 231, 231
0, 1,.jpg, 2031761011, 263, 263
0, 1,.jpg, -47699982, 225, 225
0, 1,.jpg, 504854444, 229, 229
0, 1,.jpg, 1432266382, 265, 265
0, 1,.jpg, -1162282724, 237, 237
0, 1,.jpg, 1926760705, 220, 220
0, 1,.jpg, 1397663555, 233, 233
0, 1,.jpg, 1734189992, 259, 259
0, 1,.jpg, 1628460444, 247, 247
0, 1,.jpg, -564659327, 215, 215
0, 1,.jpg, 959823053, 268, 268
0, 1,.jpg, 646433073, 257, 257
0, 1,.jpg, -1675196754, 245, 245
0, 1,.jpg, -2111754912, 245, 245
0, 1,.jpg, 1661197617, 247, 247
0, 1,.jpg, -1117505796, 239, 239
0, 1,.jpg, 367144654, 252, 252
0, 1,.jpg, 1602654402, 257, 257
0, 1,.jpg, 1707979745, 279, 279
0, 1,.jpg, 1918300216, 232, 232
0, 1,.jpg, -1947036295, 258, 258
0, 1,.jpg, 771351762, 243, 243
0, 1,.jpg, 1000009472, 252, 252
0, 1,.jpg, -1909703923, 275, 275
0, 1,.jpg, 870251535, 253, 253
0, 1,.jpg, 1949022905, 227, 227
0, 1,.png, 31759265, 137, 137
0, 1,.png, -1925429767, 131, 131
0, 1,.png, 1851710698, 119, 119
0, 1,.png, 461812439, 119, 119
0, 1,.png, 1558039179, 128, 128
0, 1,.png, -864406830, 128, 128
0, 1,.png, -1516748791, 138, 138
0, 1,.png, 645118012, 117, 117
0, 1,.png, -1224449802, 144, 144
0, 1,.png, 198374106, 126, 126
0, 1,.png, -325432446, 133, 133
0, 1,.png, 2072314397, 133, 133
0, 1,.png, 521106225, 138, 138
0, 1,.png, 1722777129, 139, 139
0, 1,.png, 960810863, 133, 133
0, 1,.png, -1976930663, 126, 126
0, 1,.png, -1268908975, 128, 128
0, 1,.png, 1260985250, 126, 126
0, 1,.png, 1679375084, 131, 131
0, 1,.png, 286294935, 127, 127
0, 1,.png, -137869695, 132, 132
0, 1,.png, 42677466, 131, 131
0, 1,.png, -1128262053, 123, 123
0, 1,.png, 762967423, 137, 137
0, 1,.png, 1084923263, 134, 134
0, 1,.png, -273233249, 118, 118
0, 1,.png, 1701134268, 129, 129
0, 1,.png, -1769132247, 127, 127
0, 1,.png, 1762537869, 124, 124
0, 1,.png, 255062712, 131, 131
0, 2,.jpg, -1630156545, 150, 150
0, 2,.jpg, 878465219, 151, 151
0, 2,.jpg, -167493955, 139, 139
0, 2,.jpg, 274519434, 121, 121
0, 2,.jpg, -984926105, 121, 121
0, 2,.jpg, 1991678539, 163, 163
0, 2,.jpg, -512512951, 112, 112
0, 2,.jpg, -833293543, 150, 150
0, 2,.jpg, 80210345, 118, 118
0, 2,.jpg, -1355036212, 131, 131
0, 2,.jpg, 412617421, 113, 113
0, 2,.jpg, 1620022222, 100, 100
0, 2,.jpg, -1288027295, 120, 120
0, 2,.jpg, -1191031976, 116, 116
0, 2,.jpg, -1046760118, 154, 154
0, 2,.jpg, 125608117, 104, 104
0, 2,.jpg, -1103571801, 139, 139
0, 2,.jpg, -1260351708, 107, 107
0, 2,.jpg, -1036667506, 90, 90
0, 2,.jpg, 2074896927, 95, 95
0, 2,.jpg, -1747778260, 119, 119
0, 2,.jpg, -922902555, 107, 107
0, 2,.jpg, 865995123, 128, 128
0, 2,.jpg, 748067065, 137, 137
0, 2,.jpg, 288800208, 112, 112
0, 2,.jpg, -1719056012, 119, 119
0, 2,.jpg, -1257752885, 128, 128
0, 2,.jpg, -499611731, 116, 116
0, 2,.jpg, -1093495668, 123, 123
0, 2,.jpg, -442999844, 147, 147
0, 2,.png, -1269373947, 58, 58
0, 2,.png, -1575039637, 51, 51
0, 2,.png, -1782675430, 52, 52
0, 2,.png, 1312174023, 53, 53
0, 2,.png, 296115530, 55, 55
0, 2,.png, -2011924486, 63, 63
0, 2,.png, 385487845, 64, 64
0, 2,.png, -1180905984, 65, 65
0, 2,.png, 1829329058, 60, 60
0, 2,.png, -554412466, 59, 59
0, 2,.png, 2145296237, 61, 61
0, 2,.png, -921643152, 61, 61
0, 2,.png, -199458310, 58, 58
0, 2,.png, 1367276875, 54, 54
0, 2,.png, -172197960, 61, 61
0, 2,.png, 827022324, 66, 66
0, 2,.png, -224311454, 63, 63
0, 2,.png, 312845762, 63, 63
0, 2,.png, -1949473350, 56, 56
0, 2,.png, 1746730939, 64, 64
0, 2,.png, -140655803, 63, 63
0, 2,.png, -690763317, 66, 66
0, 2,.png, -449472646, 53, 53
0, 2,.png, -510035874, 62, 62
0, 2,.png, -1922387799, 59, 59
0, 2,.png, -862742778, 60, 60
0, 2,.png, 2077362549, 57, 57
0, 2,.png, 1350799091, 60, 60
0, 2,.png, -670262889, 64, 64
0, 2,.png, -1466419902, 61, 61
0, 3,.jpg, -255912788, 63, 63
0, 3,.jpg, -2097326336, 64, 64
0, 3,.jpg, 1383062612, 100, 100
0, 3,.jpg, -1271910906, 56, 56
0, 3,.jpg, 225546651, 65, 65
0, 3,.jpg, 1904484859, 70, 70
0, 3,.jpg, -180485340, 74, 74
0, 3,.jpg, 2089921305, 78, 78
0, 3,.jpg, -1177748987, 69, 69
0, 3,.jpg, -1711521440, 89, 89
0, 3,.jpg, -2016280425, 56, 56
0, 3,.jpg, -1758712048, 70, 70
0, 3,.jpg, -2021955521, 75, 75
0, 3,.jpg, -1546357735, 63, 63
0, 3,.jpg, 1506504275, 76, 76
0, 3,.jpg, 728890000, 58, 58
0, 3,.jpg, -1624542363, 59, 59
0, 3,.jpg, 157213209, 56, 56
0, 3,.jpg, -369477578, 63, 63
0, 3,.jpg, 1926520157, 76, 76
0, 3,.jpg, 563814596, 99, 99
0, 3,.jpg, -127439353, 73, 73
0, 3,.jpg, -804300211, 54, 54
0, 3,.jpg, -1476333452, 76, 76
0, 3,.jpg, -1869246098, 63, 63
0, 3,.jpg, -632113731, 54, 54
0, 3,.jpg, 243806592, 71, 71
0, 3,.jpg, -1261841922, 66, 66
0, 3,.jpg, -411316388, 75, 75
0, 3,.jpg, -1100440041, 81, 81
0, 3,.png, -1879087985, 22, 17
0, 3,.png, -1939085792, 45, 42
0, 3,.png, -913059685, 43, 41
0, 3,.png, -697751856, 30, 28
0, 3,.png, 1959430405, 45, 43
0, 3,.png, 549298162, 40, 37
0, 3,.png, -1902401782, 25, 23
0, 3,.png, -517285464, 16, 11
0, 3,.png, 1846942384, 8, 3
0, 3,.png, 1545154927, 8, 4
0, 3,.png, -1600433873, 7, 2
0, 3,.png, 1419177285, 19, 17
0, 3,.png, -720403115, 25, 23
0, 3,.png, 2037415024, 22, 19
0, 3,.png, 1005560748, 14, 12
0, 3,.png, -453108927, 21, 18
0, 3,.png, -170989336, 26, 23
0, 3,.png, -1519731879, 18, 15
0, 3,.png, -1748067995, 8, 3
0, 3,.png, 496292739, 8, 4
0, 3,.png, 954037785, 16, 12
0, 3,.png, -64282309, 24, 22
0, 3,.png, 1263757191, 10, 7
0, 3,.png, 708427814, 23, 20
0, 3,.png, -126213969, 17, 14
0, 3,.png, 2085615757, 9, 6
0, 3,.png, -2039271574, 26, 23
0, 3,.png, -307589914, 27, 24
0, 3,.png, 1043397027, 11, 7
0, 3,.png, 1508717355, 9, 5
1, 1,.jpg, 1081972845, 171, 171
1, 1,.jpg, 1968029714, 192, 191
1, 1,.jpg, -1814009311, 155, 155
1, 1,.jpg, -1357757389, 188, 187
1, 1,.jpg, -1790463727, 209, 208
1, 1,.jpg, 1466574913, 193, 192
1, 1,.jpg, 1038429440, 253, 253
1, 1,.jpg, 131198386, 167, 167
1, 1,.jpg, -2697114, 197, 196
1, 1,.jpg, -245861388, 133, 132
1, 1,.jpg, -968473002, 204, 204
1, 1,.jpg, -56926930, 191, 191
1, 1,.jpg, 1861442822, 210, 210
1, 1,.jpg, 1746647022, 158, 157
1, 1,.jpg, -1918971622, 175, 174
1, 1,.jpg, 1935715775, 179, 178
1, 1,.jpg, 536202451, 203, 202
1, 1,.jpg, 645982115, 163, 163
1, 1,.jpg, 1788358976, 218, 218
1, 1,.jpg, -1127839116, 164, 164
1, 1,.jpg, 1214662411, 139, 138
1, 1,.jpg, 1391360335, 213, 212
1, 1,.jpg, 1056583365, 189, 188
1, 1,.jpg, -797484856, 229, 229
1, 1,.jpg, 1767630408, 150, 150
1, 1,.jpg, 172652108, 163, 162
1, 1,.jpg, 1324227706, 215, 214
1, 1,.jpg, 1671983994, 160, 160
1, 1,.jpg, 1360844639, 171, 170
1, 1,.jpg, 1522896922, 146, 145
1, 1,.png, -819289173, 126, 126
1, 1,.png, 1817436297, 112, 112
1, 1,.png, -76033594, 139, 139
1, 1,.png, 2036358796, 121, 121
1, 1,.png, -134293127, 128, 128
1, 1,.png, -892016752, 140, 140
1, 1,.png, -1551538725, 128, 128
1, 1,.png, -1305577835, 115, 115
1, 1,.png, -780314202, 119, 119
1, 1,.png, -435901738, 128, 128
1, 1,.png, 1701609455, 138, 138
1, 1,.png, -129851297, 121, 121
1, 1,.png, -1449038648, 131, 131
1, 1,.png, 1007408334, 139, 139
1, 1,.png, 1929312705, 122, 122
1, 1,.png, 955090055, 122, 122
1, 1,.png, -205430553, 128, 128
1, 1,.png, -1251480716, 127, 127
1, 1,.png, 1890225859, 119, 119
1, 1,.png, -94334807, 126, 126
1, 1,.png, 2036409614, 126, 126
1, 1,.png, -878127508, 127, 127
1, 1,.png, -691938340, 118, 118
1, 1,.png, 1837751158, 132, 132
1, 1,.png, 1393552937, 113, 113
1, 1,.png, 1318986425, 116, 116
1, 1,.png, -81242809, 116, 116
1, 1,.png, -1901521916, 137, 137
1, 1,.png, 1985835571, 129, 129
1, 1,.png, 635674445, 122, 122
1, 2,.jpg, 1419571804, 121, 121
1, 2,.jpg, 1498953252, 124, 124
1, 2,.jpg, 873579267, 150, 150
1, 2,.jpg, -375916425, 101, 101
1, 2,.jpg, -1429993017, 94, 94
1, 2,.jpg, 1295790585, 128, 128
1, 2,.jpg, 1334889348, 149, 149
1, 2,.jpg, 272882421, 140, 140
1, 2,.jpg, 1152327807, 148, 148
1, 2,.jpg, -440468894, 131, 131
1, 2,.jpg, -1789486712, 105, 105
1, 2,.jpg, 2025559985, 135, 135
1, 2,.jpg, 393668550, 119, 119
1, 2,.jpg, -901995609, 122, 122
1, 2,.jpg, 1266132000, 126, 126
1, 2,.jpg, -2031133202, 153, 153
1, 2,.jpg, 322560893, 115, 115
1, 2,.jpg, -1119851980, 148, 148
1, 2,.jpg, 1459660270, 109, 109
1, 2,.jpg, 37506028, 122, 122
1, 2,.jpg, 798974732, 109, 109
1, 2,.jpg, -272912009, 132, 132
1, 2,.jpg, -191449135, 143, 143
1, 2,.jpg, -944376219, 141, 141
1, 2,.jpg, -1046911572, 141, 141
1, 2,.jpg, 1264195084, 116, 116
1, 2,.jpg, -780298117, 115, 115
1, 2,.jpg, -564395156, 129, 129
1, 2,.jpg, 704741963, 146, 146
1, 2,.jpg, -1738911959, 92, 92
1, 2,.png, 579980175, 39, 37
1, 2,.png, 1586599365, 45, 43
1, 2,.png, 238862198, 70, 70
1, 2,.png, 770897647, 44, 43
1, 2,.png, 762327327, 33, 32
1, 2,.png, 302983529, 48, 47
1, 2,.png, -1389115437, 43, 41
1, 2,.png, -706361238, 61, 59
1, 2,.png, 1516560461, 60, 60
1, 2,.png, 1712468346, 39, 37
1, 2,.png, -1048319820, 36, 34
1, 2,.png, 678423709, 39, 37
1, 2,.png, 1204452106, 47, 45
1, 2,.png, -646215562, 39, 37
1, 2,.png, 1321750450, 35, 33
1, 2,.png, -1449628861, 44, 43
1, 2,.png, 705587907, 58, 58
1, 2,.png, -606818452, 68, 68
1, 2,.png, -1320160573, 71, 70
1, 2,.png, 1535588809, 42, 39
1, 2,.png, 1857079766, 58, 57
1, 2,.png, -375641313, 53, 50
1, 2,.png, 628044505, 44, 42
1, 2,.png, 375866624, 67, 67
1, 2,.png, -381787691, 30, 27
1, 2,.png, -800593337, 76, 76
1, 2,.png, -1295855206, 31, 30
1, 2,.png, 34613818, 63, 63
1, 2,.png, 1960879537, 41, 40
1, 2,.png, 1507941917, 36, 33
1, 3,.jpg, 1564168543, 58, 58
1, 3,.jpg, 1572614924, 78, 78
1, 3,.jpg, -220562615, 73, 73
1, 3,.jpg, -1508960492, 66, 66
1, 3,.jpg, -1217637081, 79, 79
1, 3,.jpg, 656889227, 79, 79
1, 3,.jpg, -263645888, 62, 62
1, 3,.jpg, -1480121720, 96, 96
1, 3,.jpg, -740685779, 72, 72
1, 3,.jpg, 1485461135, 68, 68
1, 3,.jpg, 1319825572, 75, 75
1, 3,.jpg, -1162235687, 74, 74
1, 3,.jpg, 291678016, 64, 64
1, 3,.jpg, -1871825873, 53, 53
1, 3,.jpg, 2045711046, 69, 69
1, 3,.jpg, 900886056, 77, 77
1, 3,.jpg, -633560560, 70, 70
1, 3,.jpg, 2076881846, 57, 57
1, 3,.jpg, -856098748, 65, 65
1, 3,.jpg, -636471183, 62, 62
1, 3,.jpg, 397857406, 51, 51
1, 3,.jpg, 1556472163, 69, 69
1, 3,.jpg, 1490018567, 49, 49
1, 3,.jpg, -168994818, 63, 63
1, 3,.jpg, -684290345, 92, 92
1, 3,.jpg, 1009472611, 72, 72
1, 3,.jpg, -1185450252, 66, 66
1, 3,.jpg, 1044485854, 54, 54
1, 3,.jpg, 1370846038, 80, 80
1, 3,.jpg, -818474620, 73, 73
1, 3,.png, 1084625406, 7, 4
1, 3,.png, -1869240678, 28, 25
1, 3,.png, 831912754, 6, 2
1, 3,.png, 2068621968, 15, 13
1, 3,.png, -222605068, 13, 9
1, 3,.png, -263840223, 23, 20
1, 3,.png, -1659646708, 11, 8
1, 3,.png, 1274605868, 19, 15
1, 3,.png, -565161753, 15, 12
1, 3,.png, -1618625981, 34, 31
1, 3,.png, -307261447, 7, 4
1, 3,.png, 784633257, 14, 11
1, 3,.png, 344191768, 11, 8
1, 3,.png, -444780655, 13, 10
1, 3,.png, 1535958783, 14, 12
1, 3,.png, 1778154455, 12, 8
1, 3,.png, -959317548, 30, 28
1, 3,.png, -769137662, 17, 15
1, 3,.png, -2090611302, 6, 2
1, 3,.png, -950774113, 6, 2
1, 3,.png, -1211218081, 17, 13
1, 3,.png, -1512112901, 33, 31
1, 3,.png, 515837641, 32, 29
1, 3,.png, 680322195, 32, 28
1, 3,.png, -936292728, 25, 24
1, 3,.png, 1504958325, 17, 13
1, 3,.png, 156125207, 25, 22
1, 3,.png, 719058247, 6, 1
1, 3,.png, -2000315880, 15, 11
1, 3,.png, 104476903, 13, 10
1, 4,.jpg, 1171115635, 33, 33
1, 4,.jpg, 787732939, 19, 16
1, 4,.jpg, 252840269, 9, 4
1, 4,.jpg, -827674853, 32, 31
1, 4,.jpg, -1267965557, 9, 4
1, 4,.jpg, -927545211, 13, 9
1, 4,.jpg, 1183363982, 23, 21
1, 4,.jpg, -971357502, 32, 32
1, 4,.jpg, -266883278, 21, 19
1, 4,.jpg, 230420456, 28, 26
1, 4,.jpg, 1585857978, 32, 31
1, 4,.jpg, -1149817187, 21, 19
1, 4,.jpg, 317739366, 13, 10
1, 4,.jpg, -1808731488, 29, 28
1, 4,.jpg, 423583327, 13, 9
1, 4,.jpg, -551839286, 13, 9
1, 4,.jpg, 721698553, 22, 20
1, 4,.jpg, -544644254, 12, 8
1, 4,.jpg, -1769156638, 13, 9
1, 4,.jpg, 393072359, 35, 35
1, 4,.jpg, -482171583, 9, 4
1, 4,.jpg, -1752389961, 27, 26
1, 4,.jpg, 1779549599, 14, 10
1, 4,.jpg, 2121464519, 13, 9
1, 4,.jpg, 173046430, 9, 4
1, 4,.jpg, 1177195110, 11, 6
1, 4,.jpg, -414843523, 24, 21
1, 4,.jpg, 2096421418, 12, 8
1, 4,.jpg, 109259476, 34, 34
1, 4,.jpg, -1673531673, 27, 26
1, 4,.png, -1759239167, 29, 28
1, 4,.png, 846793166, 9, 4
1, 4,.png, 859130983, 13, 9
1, 4,.png, 1196264149, 10, 5
1, 4,.png, -1611576223, 13, 9
1, 4,.png, -2048322536, 18, 15
1, 4,.png, -1822938954, 30, 29
1, 4,.png, -1268238690, 12, 8
1, 4,.png, -271762634, 12, 8
1, 4,.png, 2114719494, 27, 25
1, 4,.png, 1957857820, 27, 25
1, 4,.png, 1433349846, 28, 27
1, 4,.png, -154506479, 39, 39
1, 4,.png, 1016888725, 37, 37
1, 4,.png, -1075109065, 20, 17
1, 4,.png, 628795360, 28, 26
1, 4,.png, 689979271, 13, 9
1, 4,.png, -366798117, 21, 19
1, 4,.png, -35649509, 16, 12
1, 4,.png, 448656448, 31, 30
1, 4,.png, -811749779, 13, 9
1, 4,.png, -175708659, 10, 5
1, 4,.png, 1815061270, 30, 29
1, 4,.png, -1240141033, 7, 2
1, 4,.png, 1140644402, 13, 9
1, 4,.png, 399096580, 13, 9
1, 4,.png, 1752063090, 18, 15
1, 4,.png, -1581069036, 9, 4
1, 4,.png, 2052193058, 36, 35
1, 4,.png, 1362660412, 32, 31
1, 5,.jpg, 586105517, 31, 31
1, 5,.jpg, -1693194054, 31, 31
1, 5,.jpg, 1416312849, 32, 32
1, 5,.jpg, -1795825376, 20, 19
1, 5,.jpg, -2043582617, 29, 29
1, 5,.jpg, 786346302, 31, 31
1, 5,.jpg, -869108866, 22, 21
1, 5,.jpg, 920844403, 29, 29
1, 5,.jpg, 2096577719, 26, 26
1, 5,.jpg, -1379990354, 22, 21
1, 5,.jpg, -752490209, 28, 28
1, 5,.jpg, 782019504, 26, 26
1, 5,.jpg, 1489065420, 27, 27
1, 5,.jpg, -1863673861, 27, 27
1, 5,.jpg, 355779448, 18, 16
1, 5,.png, 1843482217, 26, 25
1, 5,.png, 130029019, 25, 24
1, 5,.png, 537242007, 27, 27
1, 5,.png, 112235203, 26, 26
1, 5,.png, -1730404094, 25, 25
1, 5,.png, -328125314, 33, 33
1, 5,.png, -411043556, 29, 29
1, 5,.png, 535397233, 33, 33
1, 5,.png, -480170610, 23, 22
1, 5,.png, 78808468, 29, 29
1, 5,.png, 480812852, 28, 28
1, 5,.png, 309645372, 28, 28
1, 5,.png, 160859947, 30, 30
1, 5,.png, -1362293819, 27, 26
1, 5,.png, -1615530922, 33, 33
1, 0,.jpg, -129186329, 536, 536
1, 0,.jpg, -2028283968, 484, 484
1, 0,.jpg, -311055760, 584, 584
1, 0,.jpg, -1539430693, 562, 562
1, 0,.jpg, 370099901, 522, 522
1, 0,.jpg, -1679014184, 601, 601
1, 0,.jpg, 743518409, 557, 557
1, 0,.jpg, 1596915711, 604, 604
1, 0,.jpg, -1453105602, 500, 500
1, 0,.jpg, -1541424755, 470, 470
1, 0,.jpg, 1905786690, 541, 541
1, 0,.jpg, -1477468118, 520, 520
1, 0,.jpg, -779405370, 524, 524
1, 0,.jpg, -906945514, 499, 499
1, 0,.jpg, 416548826, 546, 546
1, 0,.jpg, 1969175197, 550, 550
1, 0,.jpg, -1941024666, 542, 542
1, 0,.jpg, -454299886, 567, 567
1, 0,.jpg, -403331253, 526, 526
1, 0,.jpg, -2079142417, 535, 535
1, 0,.jpg, 495565116, 551, 551
1, 0,.jpg, -800929025, 501, 501
1, 0,.jpg, -693954140, 504, 504
1, 0,.jpg, -1928806854, 505, 505
1, 0,.jpg, -1256690693, 477, 477
1, 0,.jpg, 1267994228, 537, 537
1, 0,.jpg, 2035955587, 566, 566
1, 0,.jpg, 788454592, 486, 486
1, 0,.jpg, -746363551, 498, 498
1, 0,.jpg, -1646444724, 487, 487
1, 0,.png, -653199370, 457, 457
1, 0,.png, 226562541, 469, 469
1, 0,.png, 1385299440, 462, 462
1, 0,.png, -2140312853, 480, 480
1, 0,.png, -1605005962, 474, 474
1, 0,.png, -1058726667, 481, 481
1, 0,.png, -1117693434, 478, 478
1, 0,.png, -2086632059, 466, 466
1, 0,.png, -617712550, 473, 473
1, 0,.png, 780774009, 476, 476
1, 0,.png, 158292894, 470, 470
1, 0,.png, 258829036, 445, 445
1, 0,.png, -2093688933, 458, 458
1, 0,.png, -385247655, 449, 449
1, 0,.png, 1956011214, 452, 452
1, 0,.png, 1611699623, 438, 438
1, 0,.png, 783139087, 451, 451
1, 0,.png, 110185769, 471, 471
1, 0,.png, 1933609459, 472, 472
1, 0,.png, -878289017, 459, 459
1, 0,.png, 1541343222, 462, 462
1, 0,.png, -1234176331, 450, 450
1, 0,.png, 2146078647, 478, 478
1, 0,.png, -259167818, 482, 482
1, 0,.png, -2033828902, 483, 483
1, 0,.png, -1590788116, 463, 463
1, 0,.png, -1277090421, 435, 435
1, 0,.png, 508112533, 451, 451
1, 0,.png, -1333395438, 476, 476
1, 0,.png, 1475093469, 468, 468
2, 5,.jpg, -939267565, 53, 52
2, 5,.jpg, 337574462, 54, 53
2, 5,.jpg, 860730332, 51, 50
2, 5,.jpg, -2078459873, 52, 50
2, 5,.jpg, 2063051503, 44, 42
2, 5,.jpg, -320517050, 53, 52
2, 5,.jpg, -1679279499, 43, 42
2, 5,.jpg, -1768390666, 53, 52
2, 5,.jpg, -734777312, 47, 46
2, 5,.jpg, 1460200495, 45, 44
2, 5,.jpg, -1630282539, 53, 52
2, 5,.jpg, 683725283, 35, 33
2, 5,.jpg, 1750091481, 63, 63
2, 5,.jpg, -853925305, 46, 45
2, 5,.jpg, 623396410, 58, 57
2, 5,.png, 1654568924, 22, 21
2, 5,.png, 1382747883, 29, 29
2, 5,.png, -467636889, 33, 33
2, 5,.png, 712860272, 28, 27
2, 5,.png, -779892690, 26, 25
2, 5,.png, 1893057899, 27, 27
2, 5,.png, -68218955, 31, 31
2, 5,.png, -1962768325, 33, 33
2, 5,.png, 1626803368, 30, 30
2, 5,.png, 2085702329, 30, 30
2, 5,.png, -491109173, 33, 33
2, 5,.png, -1022254116, 22, 21
2, 5,.png, -516506161, 33, 33
2, 5,.png, 1541340771, 25, 25
2, 5,.png, -1428212096, 23, 22
2, 0,.jpg, -487751157, 536, 536
2, 0,.jpg, -1075240714, 474, 474
2, 0,.jpg, -1379833599, 497, 497
2, 0,.jpg, 188900839, 522, 522
2, 0,.jpg, -755321251, 504, 504
2, 0,.jpg, -518040622, 520, 520
2, 0,.jpg, -1594522645, 539, 539
2, 0,.jpg, -28647776, 555, 555
2, 0,.jpg, -1097825252, 570, 570
2, 0,.jpg, 2123908055, 501, 501
2, 0,.jpg, 535249006, 541, 541
2, 0,.jpg, 940489726, 510, 510
2, 0,.jpg, -1700170250, 516, 516
2, 0,.jpg, -982529802, 557, 557
2, 0,.jpg, 1104055475, 515, 515
2, 0,.jpg, -1676491391, 540, 540
2, 0,.jpg, 1733363495, 533, 533
2, 0,.jpg, 416663960, 525, 525
2, 0,.jpg, 624143364, 515, 515
2, 0,.jpg, 1506421050, 522, 522
2, 0,.jpg, 1667535399, 505, 505
2, 0,.jpg, -72561304, 563, 563
2, 0,.jpg, -1967549164, 551, 551
2, 0,.jpg, 840716084, 511, 511
2, 0,.jpg, -889909278, 543, 543
2, 0,.jpg, 1003653828, 528, 528
2, 0,.jpg, -55486271, 587, 587
2, 0,.jpg, -954801937, 546, 546
2, 0,.jpg, 1358849333, 530, 530
2, 0,.jpg, 333870340, 531, 531
2, 0,.png, -1674850906, 456, 456
2, 0,.png, -416608379, 465, 465
2, 0,.png, 889552485, 469, 469
2, 0,.png, 1976959524, 482, 482
2, 0,.png, 1239769897, 469, 469
2, 0,.png, 1170571756, 468, 468
2, 0,.png, 453618313, 460, 460
2, 0,.png, 367154878, 446, 446
2, 0,.png, 1237491950, 482, 482
2, 0,.png, -865291769, 463, 463
2, 0,.png, 1707593193, 453, 453
2, 0,.png, 1987851699, 447, 447
2, 0,.png, -787208314, 457, 457
2, 0,.png, 320075112, 453, 453
2, 0,.png, -1127879580, 469, 469
2, 0,.png, 2017366231, 472, 472
2, 0,.png, -1092591136, 459, 459
2, 0,.png, 558701580, 426, 426
2, 0,.png, -1669184101, 452, 452
2, 0,.png, -1885312086, 457, 457
2, 0,.png, -248038123, 452, 452
2, 0,.png, -1788236780, 447, 447
2, 0,.png, -263053884, 497, 497
2, 0,.png, 1504876210, 446, 446
2, 0,.png, -1500302014, 447, 447
2, 0,.png, 1721268193, 460, 460
2, 0,.png, 1089015338, 494, 494
2, 0,.png, 171563968, 485, 485
2, 0,.png, 1496863073, 483, 483
2, 0,.png, 1707910015, 454, 454
2, 1,.jpg, 178951672, 277, 277
2, 1,.jpg, 1935566448, 260, 260
2, 1,.jpg, 1615082350, 291, 291
2, 1,.jpg, -9396405, 231, 231
2, 1,.jpg, 507952517, 278, 278
2, 1,.jpg, 747904850, 251, 251
2, 1,.jpg, 2018786985, 259, 259
2, 1,.jpg, 1255139541, 268, 268
2, 1,.jpg, -50824174, 268, 268
2, 1,.jpg, 494348725, 287, 287
2, 1,.jpg, 1711747448, 268, 268
2, 1,.jpg, -1342229916, 246, 246
2, 1,.jpg, -863558222, 267, 267
2, 1,.jpg, -1169989652, 273, 273
2, 1,.jpg, 1377279103, 255, 255
2, 1,.jpg, -1473261072, 276, 276
2, 1,.jpg, 1020540971, 267, 267
2, 1,.jpg, 1502457964, 264, 264
2, 1,.jpg, -659923362, 265, 265
2, 1,.jpg, 1230165956, 271, 271
2, 1,.jpg, 945349115, 258, 258
2, 1,.jpg, -743298213, 292, 292
2, 1,.jpg, 156208987, 280, 280
2, 1,.jpg, -1203111603, 266, 266
2, 1,.jpg, -2123275810, 288, 288
2, 1,.jpg, -636531754, 253, 253
2, 1,.jpg, -1450790234, 300, 300
2, 1,.jpg, 2123508607, 241, 241
2, 1,.jpg, 668209174, 305, 305
2, 1,.jpg, 1178198928, 322, 322
2, 1,.png, -862684433, 121, 121
2, 1,.png, 742216140, 121, 121
2, 1,.png, 781931024, 125, 125
2, 1,.png, -1077935500, 131, 131
2, 1,.png, -717177051, 127, 127
2, 1,.png, 775028533, 115, 115
2, 1,.png, 490168321, 124, 124
2, 1,.png, 1328751821, 143, 143
2, 1,.png, -802343734, 125, 125
2, 1,.png, 1284414304, 128, 128
2, 1,.png, 2045140828, 123, 123
2, 1,.png, 2023871866, 127, 127
2, 1,.png, -431165006, 129, 129
2, 1,.png, 1984654167, 120, 120
2, 1,.png, 915261087, 134, 134
2, 1,.png, 524224266, 134, 134
2, 1,.png, -426032530, 128, 128
2, 1,.png, -1393374614, 123, 123
2, 1,.png, 1219515023, 125, 125
2, 1,.png, 645358933, 138, 138
2, 1,.png, 1183187053, 141, 141
2, 1,.png, -179763657, 128, 128
2, 1,.png, -1292052311, 126, 126
2, 1,.png, -36329749, 135, 135
2, 1,.png, -275093565, 126, 126
2, 1,.png, 808122518, 124, 124
2, 1,.png, 2102123578, 136, 136
2, 1,.png, 1082505652, 143, 143
2, 1,.png, -2111105876, 128, 128
2, 1,.png, 1089038391, 127, 127
2, 2,.jpg, -1872505002, 164, 164
2, 2,.jpg, -1045946655, 141, 141
2, 2,.jpg, 1341415696, 126, 126
2, 2,.jpg, -2062957128, 124, 124
2, 2,.jpg, -46587718, 124, 124
2, 2,.jpg, -819518304, 111, 111
2, 2,.jpg, -783882179, 138, 138
2, 2,.jpg, -1611857740, 127, 127
2, 2,.jpg, -1269033504, 129, 129
2, 2,.jpg, 1861175129, 135, 135
2, 2,.jpg, -91868881, 149, 149
2, 2,.jpg, 1171761006, 126, 126
2, 2,.jpg, -1809772831, 143, 143
2, 2,.jpg, 558292328, 144, 144
2, 2,.jpg, -449765095, 136, 136
2, 2,.jpg, -1202585318, 138, 138
2, 2,.jpg, 658816403, 143, 143
2, 2,.jpg, 1852579233, 136, 136
2, 2,.jpg, -241179880, 117, 117
2, 2,.jpg, 408343812, 160, 160
2, 2,.jpg, -1350599550, 105, 105
2, 2,.jpg, -636142481, 117, 117
2, 2,.jpg, 1947907870, 112, 112
2, 2,.jpg, -1022209103, 153, 153
2, 2,.jpg, -2070431933, 150, 150
2, 2,.jpg, -768562313, 125, 125
2, 2,.jpg, 1301336997, 123, 123
2, 2,.jpg, -1917016434, 140, 140
2, 2,.jpg, 1214325070, 122, 122
2, 2,.jpg, -308097562, 125, 125
2, 2,.png, 1829562521, 62, 62
2, 2,.png, -1999352616, 40, 39
2, 2,.png, -1181783539, 47, 45
2, 2,.png, 1514595707, 75, 74
2, 2,.png, -1015133777, 38, 35
2, 2,.png, 1553482041, 35, 32
2, 2,.png, 510514600, 46, 45
2, 2,.png, 1870844132, 44, 41
2, 2,.png, 1101579936, 37, 36
2, 2,.png, -1034327727, 34, 32
2, 2,.png, 1897590681, 68, 68
2, 2,.png, 899977844, 40, 37
2, 2,.png, -18336522, 46, 45
2, 2,.png, -2123870645, 43, 41
2, 2,.png, 244827328, 63, 63
2, 2,.png, 300981382, 72, 71
2, 2,.png, 639761483, 49, 47
2, 2,.png, -519687627, 71, 70
2, 2,.png, 1536306913, 39, 37
2, 2,.png, 1811989867, 49, 49
2, 2,.png, 588282613, 47, 45
2, 2,.png, 1848167773, 67, 65
2, 2,.png, 991637904, 39, 37
2, 2,.png, 1389092220, 37, 35
2, 2,.png, -387826041, 71, 69
2, 2,.png, 1841881764, 40, 39
2, 2,.png, -1002072512, 33, 31
2, 2,.png, 1789327044, 44, 43
2, 2,.png, -1647300142, 45, 43
2, 2,.png, -2103444154, 67, 66
2, 3,.jpg, -242866879, 97, 97
2, 3,.jpg, 1248050902, 67, 67
2, 3,.jpg, -1735681854, 69, 69
2, 3,.jpg, -727926916, 74, 74
2, 3,.jpg, -524054440, 79, 79
2, 3,.jpg, 2052727342, 78, 78
2, 3,.jpg, -546640800, 78, 78
2, 3,.jpg, 2080663194, 67, 67
2, 3,.jpg, 457129616, 87, 87
2, 3,.jpg, -670851285, 88, 88
2, 3,.jpg, -1930963978, 90, 90
2, 3,.jpg, -2001418979, 77, 77
2, 3,.jpg, 830026227, 80, 80
2, 3,.jpg, 1163311260, 82, 82
2, 3,.jpg, 2079650892, 90, 90
2, 3,.jpg, -1853981584, 86, 86
2, 3,.jpg, 381380951, 91, 91
2, 3,.jpg, -2088683082, 68, 68
2, 3,.jpg, 858822392, 88, 88
2, 3,.jpg, -1634634563, 93, 93
2, 3,.jpg, -1953191794, 72, 72
2, 3,.jpg, 715709671, 77, 77
2, 3,.jpg, 85487003, 78, 78
2, 3,.jpg, 1338275746, 82, 82
2, 3,.jpg, -1284197407, 64, 64
2, 3,.jpg, 2069695224, 86, 86
2, 3,.jpg, -1269091740, 84, 84
2, 3,.jpg, -500308690, 94, 94
2, 3,.jpg, -1576651573, 77, 77
2, 3,.jpg, 1697958710, 84, 84
2, 3,.png, 1613074306, 53, 52
2, 3,.png, 1699591455, 24, 19
2, 3,.png, 168846036, 12, 8
2, 3,.png, -848718011, 20, 17
2, 3,.png, 492932290, 14, 10
2, 3,.png, 1443254638, 31, 27
2, 3,.png, -827537843, 25, 22
2, 3,.png, 90841191, 22, 19
2, 3,.png, 248899754, 40, 38
2, 3,.png, -851928614, 35, 32
2, 3,.png, 931322461, 16, 11
2, 3,.png, 709679480, 9, 4
2, 3,.png, -714904567, 27, 24
2, 3,.png, -645017672, 29, 28
2, 3,.png, 981829594, 10, 5
2, 3,.png, -1638541254, 47, 45
2, 3,.png, -946654467, 14, 10
2, 3,.png, -963995348, 19, 16
2, 3,.png, 1660645529, 14, 11
2, 3,.png, -59361170, 9, 5
2, 3,.png, 587291147, 17, 14
2, 3,.png, 2097408158, 38, 35
2, 3,.png, -736283799, 21, 17
2, 3,.png, 127180449, 24, 21
2, 3,.png, -706503924, 35, 31
2, 3,.png, 880342518, 13, 7
2, 3,.png, -873152971, 15, 10
2, 3,.png, -2086413578, 11, 7
2, 3,.png, -790034658, 10, 3
2, 3,.png, 2066044710, 24, 20
2, 4,.jpg, -143856024, 20, 16
2, 4,.jpg, -1523150817, 22, 20
2, 4,.jpg, -1712874504, 12, 7
2, 4,.jpg, 748323992, 33, 33
2, 4,.jpg, -314931778, 12, 7
2, 4,.jpg, 979210552, 33, 32
2, 4,.jpg, 1975926002, 18, 14
2, 4,.jpg, 399593122, 13, 8
2, 4,.jpg, -1632022384, 30, 30
2, 4,.jpg, -1471744638, 13, 8
2, 4,.jpg, 2044389848, 32, 32
2, 4,.jpg, -94269305, 26, 23
2, 4,.jpg, -931061229, 30, 29
2, 4,.jpg, -920731919, 10, 4
2, 4,.jpg, 361796997, 12, 7
2, 4,.jpg, 773242430, 9, 4
2, 4,.jpg, 1842702781, 13, 9
2, 4,.jpg, 938602314, 20, 18
2, 4,.jpg, -884831485, 37, 36
2, 4,.jpg, -1298618297, 17, 14
2, 4,.jpg, 724603962, 34, 33
2, 4,.jpg, 1002799637, 20, 16
2, 4,.jpg, -1562099702, 17, 12
2, 4,.jpg, -8842332, 15, 11
2, 4,.jpg, -2101723779, 9, 2
2, 4,.jpg, -1835991260, 23, 20
2, 4,.jpg, 1877440520, 32, 30
2, 4,.jpg, 1851444520, 9, 4
2, 4,.jpg, 778342115, 26, 24
2, 4,.jpg, -497284326, 24, 21
2, 4,.png, -53089090, 24, 22
2, 4,.png, -1111744112, 29, 28
2, 4,.png, 2104939715, 24, 22
2, 4,.png, -1599643726, 36, 36
2, 4,.png, -1796678466, 12, 8
2, 4,.png, -1468821537, 12, 8
2, 4,.png, 1912372018, 9, 4
2, 4,.png, 1423773267, 9, 4
2, 4,.png, -1219916456, 34, 33
2, 4,.png, -1207038901, 28, 26
2, 4,.png, 1401913502, 13, 9
2, 4,.png, 1677782213, 24, 22
2, 4,.png, -1100135994, 36, 36
2, 4,.png, -1970532, 14, 10
2, 4,.png, 1133612516, 26, 24
2, 4,.png, 1769789749, 35, 34
2, 4,.png, 651464744, 9, 4
2, 4,.png, -1029026808, 18, 15
2, 4,.png, -3996179, 19, 17
2, 4,.png, 366997827, 17, 14
2, 4,.png, -1984749006, 10, 5
2, 4,.png, -40800530, 13, 9
2, 4,.png, 668280266, 13, 9
2, 4,.png, -1880112274, 21, 19
2, 4,.png, 1043719142, 18, 16
2, 4,.png, 1570499695, 29, 28
2, 4,.png, -366444846, 21, 19
2, 4,.png, 1242243277, 16, 13
2, 4,.png, 940420991, 20, 18
2, 4,.png, 858762007, 15, 11
3, 4,.jpg, 125404437, 27, 26
3, 4,.jpg, -1990826412, 10, 5
3, 4,.jpg, 2145019002, 33, 32
3, 4,.jpg, -178961405, 17, 14
3, 4,.jpg, -1843429697, 12, 8
3, 4,.jpg, -623229543, 32, 32
3, 4,.jpg, -1698041414, 36, 36
3, 4,.jpg, 1567400866, 10, 5
3, 4,.jpg, -907031940, 9, 4
3, 4,.jpg, -67047651, 23, 22
3, 4,.jpg, -1332047662, 12, 8
3, 4,.jpg, -541870375, 21, 18
3, 4,.jpg, 408459059, 22, 20
3, 4,.jpg, 1247502081, 29, 28
3, 4,.jpg, -1391384851, 28, 26
3, 4,.jpg, 1446213384, 30, 29
3, 4,.jpg, -2123170734, 10, 5
3, 4,.jpg, -2144933698, 32, 32
3, 4,.jpg, 994237039, 24, 22
3, 4,.jpg, 1658381942, 10, 5
3, 4,.jpg, 817778568, 12, 8
3, 4,.jpg, 267034981, 15, 11
3, 4,.jpg, -1167234564, 23, 21
3, 4,.jpg, 1925257425, 37, 37
3, 4,.jpg, -387629487, 37, 37
3, 4,.jpg, 648700906, 9, 4
3, 4,.jpg, -1932997786, 8, 2
3, 4,.jpg, 1670436818, 10, 5
3, 4,.jpg, 1197942211, 9, 3
3, 4,.jpg, 1799826287, 27, 26
3, 4,.png, 632968488, 24, 22
3, 4,.png, 1144944841, 9, 4
3, 4,.png, 2136709951, 34, 33
3, 4,.png, 314805199, 34, 34
3, 4,.png, 584268223, 14, 10
3, 4,.png, 411765371, 19, 17
3, 4,.png, 941156292, 16, 12
3, 4,.png, 1328705620, 10, 5
3, 4,.png, -83029456, 9, 4
3, 4,.png, -1011956315, 28, 26
3, 4,.png, 1752573012, 10, 5
3, 4,.png, 1993746926, 22, 19
3, 4,.png, 965650598, 10, 5
3, 4,.png, -836714826, 22, 19
3, 4,.png, 1262906129, 32, 31
3, 4,.png, 642684229, 10, 5
3, 4,.png, 353154025, 38, 38
3, 4,.png, 677484602, 32, 31
3, 4,.png, 1604181849, 27, 26
3, 4,.png, 2137557969, 25, 22
3, 4,.png, 107182953, 10, 5
3, 4,.png, 195249288, 32, 31
3, 4,.png, -797979519, 10, 6
3, 4,.png, -1063159429, 22, 20
3, 4,.png, -844094446, 17, 15
3, 4,.png, -1660893408, 24, 23
3, 4,.png, 723565004, 30, 29
3, 4,.png, 235920505, 13, 9
3, 4,.png, -1185750067, 15, 11
3, 4,.png, 1840408659, 14, 10
3, 5,.jpg, -1368598271, 24, 24
3, 5,.jpg, -1125411022, 30, 30
3, 5,.jpg, -1044540425, 25, 25
3, 5,.jpg, -871377266, 28, 28
3, 5,.jpg, -1807584190, 19, 18
3, 5,.jpg, 206216866, 27, 27
3, 5,.jpg, 130856730, 31, 31
3, 5,.jpg, -1371864181, 25, 25
3, 5,.jpg, 1632374590, 28, 27
3, 5,.jpg, 1951015537, 24, 23
3, 5,.jpg, -1162454886, 29, 29
3, 5,.jpg, 542869998, 27, 27
3, 5,.jpg, 1097406343, 32, 32
3, 5,.jpg, -1348692302, 27, 27
3, 5,.jpg, -530279057, 21, 20
3, 5,.png, 1955000000, 32, 32
3, 5,.png, -227112679, 32, 32
3, 5,.png, -614685042, 28, 28
3, 5,.png, -1324680894, 32, 32
3, 5,.png, 99586270, 19, 17
3, 5,.png, -1070475716, 29, 29
3, 5,.png, -317379297, 23, 22
3, 5,.png, -284295896, 23, 22
3, 5,.png, 368499808, 33, 33
3, 5,.png, -1058986037, 32, 32
3, 5,.png, 2004793390, 32, 32
3, 5,.png, -456550939, 19, 17
3, 5,.png, 1293866019, 29, 29
3, 5,.png, -100225241, 31, 31
3, 5,.png, 223990953, 30, 30
3, 0,.jpg, -42775163, 547, 547
3, 0,.jpg, 2046660570, 536, 536
3, 0,.jpg, 180619598, 557, 557
3, 0,.jpg, 171459042, 504, 504
3, 0,.jpg, -1896225613, 501, 501
3, 0,.jpg, 961001641, 529, 529
3, 0,.jpg, -147451646, 467, 467
3, 0,.jpg, 691250526, 525, 525
3, 0,.jpg, 1799161614, 514, 514
3, 0,.jpg, -261792450, 540, 540
3, 0,.jpg, -1340133715, 508, 508
3, 0,.jpg, 84884697, 499, 499
3, 0,.jpg, -23163460, 539, 539
3, 0,.jpg, -90784272, 485, 485
3, 0,.jpg, -2015571963, 575, 575
3, 0,.jpg, -30859237, 552, 552
3, 0,.jpg, 1283467656, 575, 575
3, 0,.jpg, -153396300, 521, 521
3, 0,.jpg, -1507150130, 544, 544
3, 0,.jpg, 1767875497, 563, 563
3, 0,.jpg, -207146771, 509, 509
3, 0,.jpg, 903004031, 515, 515
3, 0,.jpg, -1521922602, 491, 491
3, 0,.jpg, -539499649, 523, 523
3, 0,.jpg, 830092420, 574, 574
3, 0,.jpg, 1635445374, 554, 554
3, 0,.jpg, 1749734498, 517, 517
3, 0,.jpg, -1520467554, 526, 526
3, 0,.jpg, 822132496, 511, 511
3, 0,.jpg, 84069735, 529, 529
3, 0,.png, 559908653, 493, 493
3, 0,.png, 455294811, 465, 465
3, 0,.png, 745252016, 450, 450
3, 0,.png, -985394627, 465, 465
3, 0,.png, 1800615421, 455, 455
3, 0,.png, -1757244047, 446, 446
3, 0,.png, -129972730, 475, 475
3, 0,.png, -933133989, 457, 457
3, 0,.png, 1144088084, 453, 453
3, 0,.png, 973554629, 463, 463
3, 0,.png, -907524629, 448, 448
3, 0,.png, -516014338, 480, 480
3, 0,.png, -519640428, 437, 437
3, 0,.png, -2039941692, 468, 468
3, 0,.png, 741412565, 482, 482
3, 0,.png, -823174274, 476, 476
3, 0,.png, 1302330547, 459, 459
3, 0,.png, -998492515, 459, 459
3, 0,.png, 583607107, 454, 454
3, 0,.png, -295738327, 469, 469
3, 0,.png, 1633510555, 435, 435
3, 0,.png, -1108684269, 438, 438
3, 0,.png, -359421971, 462, 462
3, 0,.png, 768831193, 500, 500
3, 0,.png, 1852267460, 455, 455
3, 0,.png, 689077917, 474, 474
3, 0,.png, 518413222, 459, 459
3, 0,.png, -153091819, 460, 460
3, 0,.png, 1730717868, 451, 451
3, 0,.png, 2125314962, 452, 452
3, 1,.jpg, 2113842808, 267, 267
3, 1,.jpg, -554817326, 296, 296
3, 1,.jpg, 389679992, 246, 246
3, 1,.jpg, 1119988833, 268, 268
3, 1,.jpg, 1615026897, 268, 268
3, 1,.jpg, -1700440538, 263, 263
3, 1,.jpg, 350616483, 263, 263
3, 1,.jpg, 1301512413, 252, 252
3, 1,.jpg, -593877106, 270, 270
3, 1,.jpg, 1790543352, 271, 271
3, 1,.jpg, -2073739619, 293, 293
3, 1,.jpg, 561403470, 255, 255
3, 1,.jpg, 1702433328, 248, 248
3, 1,.jpg, -965250157, 283, 283
3, 1,.jpg, 513925460, 275, 275
3, 1,.jpg, 1179093740, 270, 270
3, 1,.jpg, 1478044985, 225, 225
3, 1,.jpg, 431839220, 281, 281
3, 1,.jpg, 195929941, 267, 267
3, 1,.jpg, 533866645, 265, 265
3, 1,.jpg, 1459949445, 275, 275
3, 1,.jpg, -1463260939, 285, 285
3, 1,.jpg, 816756816, 248, 248
3, 1,.jpg, -576483137, 247, 247
3, 1,.jpg, 928994099, 267, 267
3, 1,.jpg, -250141402, 252, 252
3, 1,.jpg, 2008489509, 265, 265
3, 1,.jpg, -1991773027, 276, 276
3, 1,.jpg, -855004688, 275, 275
3, 1,.jpg, 282660620, 284, 284
3, 1,.png, -1376415641, 131, 131
3, 1,.png, 133945828, 142, 142
3, 1,.png, 302166663, 130, 130
3, 1,.png, 1978911878, 127, 127
3, 1,.png, 1194190208, 128, 128
3, 1,.png, 1922694770, 124, 124
3, 1,.png, 475701666, 113, 113
3, 1,.png, -403879495, 135, 135
3, 1,.png, 1497912696, 127, 127
3, 1,.png, 2116891506, 122, 122
3, 1,.png, 1361418026, 121, 121
3, 1,.png, 424101989, 132, 132
3, 1,.png, -1929591194, 125, 125
3, 1,.png, 539303382, 129, 129
3, 1,.png, 631311914, 136, 136
3, 1,.png, 1559893881, 135, 135
3, 1,.png, -676863385, 125, 125
3, 1,.png, -1287846819, 128, 128
3, 1,.png, -1439856011, 128, 128
3, 1,.png, 1586898392, 120, 120
3, 1,.png, -1720541520, 122, 122
3, 1,.png, 1198996179, 124, 124
3, 1,.png, 581027881, 127, 127
3, 1,.png, 2137164354, 125, 125
3, 1,.png, 394474993, 130, 130
3, 1,.png, -483721996, 127, 127
3, 1,.png, 854475598, 130, 130
3, 1,.png, 1878061741, 122, 122
3, 1,.png, 1063296965, 135, 135
3, 1,.png, 161576121, 112, 112
3, 2,.jpg, -87311679, 153, 153
3, 2,.jpg, -716478513, 134, 134
3, 2,.jpg, 1650140573, 138, 138
3, 2,.jpg, -101906796, 133, 133
3, 2,.jpg, 15303722, 115, 115
3, 2,.jpg, -2093802486, 137, 137
3, 2,.jpg, 1689809045, 152, 152
3, 2,.jpg, 1569494342, 123, 123
3, 2,.jpg, 805547387, 138, 138
3, 2,.jpg, -123249439, 142, 142
3, 2,.jpg, -1831207205, 145, 145
3, 2,.jpg, -1837629592, 127, 127
3, 2,.jpg, 2086963875, 134, 134
3, 2,.jpg, 918796251, 124, 124
3, 2,.jpg, 1033940984, 133, 133
3, 2,.jpg, -1344228061, 124, 124
3, 2,.jpg, -302118593, 137, 137
3, 2,.jpg, -1641728963, 112, 112
3, 2,.jpg, 1548520039, 151, 151
3, 2,.jpg, -1388937002, 132, 132
3, 2,.jpg, -18564397, 110, 110
3, 2,.jpg, 1476069477, 131, 131
3, 2,.jpg, 1571263512, 129, 129
3, 2,.jpg, -1407730813, 132, 132
3, 2,.jpg, -1717554698, 141, 141
3, 2,.jpg, 1356039070, 144, 144
3, 2,.jpg, -434156835, 151, 151
3, 2,.jpg, -38169074, 129, 129
3, 2,.jpg, -96398054, 155, 155
3, 2,.jpg, 1956101300, 133, 133
3, 2,.png, -1645151484, 61, 60
3, 2,.png, -1672731814, 53, 52
3, 2,.png, -582763382, 50, 49
3, 2,.png, -27214452, 50, 49
3, 2,.png, 1189806874, 65, 65
3, 2,.png, 283536475, 64, 63
3, 2,.png, -886354457, 67, 66
3, 2,.png, -1134819873, 56, 55
3, 2,.png, 1015502783, 55, 54
3, 2,.png, 1350689977, 63, 62
3, 2,.png, 2015078612, 45, 44
3, 2,.png, 1633210004, 50, 49
3, 2,.png, -1399076240, 64, 64
3, 2,.png, -1096760092, 60, 60
3, 2,.png, 1540588995, 57, 56
3, 2,.png, 266915765, 56, 55
3, 2,.png, -297329029, 56, 56
3, 2,.png, -1959159112, 61, 60
3, 2,.png, -1575429999, 65, 64
3, 2,.png, 1193724887, 55, 54
3, 2,.png, -1686508741, 65, 64
3, 2,.png, 325939566, 56, 55
3, 2,.png, 1025752450, 53, 52
3, 2,.png, -1316873753, 50, 49
3, 2,.png, 482394520, 80, 80
3, 2,.png, 361150135, 61, 60
3, 2,.png, 977974161, 59, 59
3, 2,.png, -234325282, 55, 54
3, 2,.png, 1403905647, 61, 61
3, 2,.png, -1108058520, 64, 64
3, 3,.jpg, 777970678, 66, 66
3, 3,.jpg, -1068946128, 59, 59
3, 3,.jpg, -176717092, 73, 73
3, 3,.jpg, -576852526, 82, 82
3, 3,.jpg, -799222284, 68, 68
3, 3,.jpg, -1160184465, 65, 65
3, 3,.jpg, 1550659618, 73, 73
3, 3,.jpg, -1544770244, 83, 83
3, 3,.jpg, 1166143817, 79, 79
3, 3,.jpg, -1448046393, 68, 68
3, 3,.jpg, 978573029, 109, 109
3, 3,.jpg, 1126920285, 81, 81
3, 3,.jpg, -500903733, 71, 71
3, 3,.jpg, 614063401, 89, 89
3, 3,.jpg, -1516819296, 98, 98
3, 3,.jpg, -2050484554, 82, 82
3, 3,.jpg, -1080524621, 61, 61
3, 3,.jpg, 1549691578, 90, 90
3, 3,.jpg, -1245312819, 54, 54
3, 3,.jpg, -320543722, 76, 76
3, 3,.jpg, -2096281133, 67, 67
3, 3,.jpg, 502104102, 70, 70
3, 3,.jpg, 255197936, 66, 66
3, 3,.jpg, -1702834951, 70, 70
3, 3,.jpg, -174846053, 74, 74
3, 3,.jpg, -559145036, 89, 89
3, 3,.jpg, -689571962, 95, 95
3, 3,.jpg, -813183631, 101, 101
3, 3,.jpg, -272880542, 85, 85
3, 3,.jpg, 644595569, 52, 52
3, 3,.png, -1613727744, 23, 20
3, 3,.png, 1005134945, 10, 4
3, 3,.png, -642031706, 7, 2
3, 3,.png, -2125281715, 30, 26
3, 3,.png, -822441697, 12, 8
3, 3,.png, 41428243, 18, 17
3, 3,.png, 1041442173, 34, 32
3, 3,.png, 1622020479, 9, 4
3, 3,.png, -456434647, 46, 44
3, 3,.png, 1906264898, 17, 14
3, 3,.png, 60130281, 8, 4
3, 3,.png, 1182137520, 17, 15
3, 3,.png, 1721976133, 6, 2
3, 3,.png, 557485213, 10, 6
3, 3,.png, -745548522, 13, 10
3, 3,.png, -395425726, 33, 31
3, 3,.png, 198481678, 7, 2
3, 3,.png, 2079719055, 44, 41
3, 3,.png, -1441798409, 7, 0
3, 3,.png, -1605190899, 7, 1
3, 3,.png, 1666202618, 26, 23
3, 3,.png, 2043140291, 16, 11
3, 3,.png, -221450311, 20, 16
3, 3,.png, -1722666147, 16, 10
3, 3,.png, -1333854638, 19, 14
3, 3,.png, 1786267331, 7, 2
3, 3,.png, -1961526966, 9, 4
3, 3,.png, -1585943361, 27, 21
3, 3,.png, 1209591271, 25, 21
3, 3,.png, 1608015515, 11, 5
4, 1,.jpg, 33679209, 174, 174
4, 1,.jpg, -1245003267, 190, 190
4, 1,.jpg, 3536480, 187, 187
4, 1,.jpg, -1306981431, 198, 198
4, 1,.jpg, 1152021551, 176, 176
4, 1,.jpg, 1005599443, 179, 179
4, 1,.jpg, 258016380, 187, 187
4, 1,.jpg, 1668366993, 210, 210
4, 1,.jpg, -68607351, 236, 236
4, 1,.jpg, 1309291019, 195, 195
4, 1,.jpg, 1491187519, 179, 179
4, 1,.jpg, 565403257, 196, 196
4, 1,.jpg, 306277204, 230, 230
4, 1,.jpg, 1523356145, 198, 198
4, 1,.jpg, -1846988322, 197, 197
4, 1,.jpg, 108196457, 213, 213
4, 1,.jpg, -1029978584, 210, 210
4, 1,.jpg, -1089569992, 166, 166
4, 1,.jpg, 605104571, 151, 151
4, 1,.jpg, -2095977933, 135, 135
4, 1,.jpg, -623808853, 154, 154
4, 1,.jpg, 262293058, 216, 216
4, 1,.jpg, -2016921844, 202, 202
4, 1,.jpg, -990666221, 172, 172
4, 1,.jpg, 1123377308, 214, 214
4, 1,.jpg, 2049487956, 198, 198
4, 1,.jpg, 1316253163, 195, 195
4, 1,.jpg, -1595687136, 230, 230
4, 1,.jpg, 1140994495, 170, 170
4, 1,.jpg, 673974246, 222, 222
4, 1,.png, 98821205, 122, 122
4, 1,.png, -2091862818, 124, 124
4, 1,.png, 504867626, 123, 123
4, 1,.png, 1599289959, 127, 127
4, 1,.png, 654390843, 123, 123
4, 1,.png, -2036012901, 140, 140
4, 1,.png, 1499130417, 119, 119
4, 1,.png, 178821694, 116, 116
4, 1,.png, 1634344366, 120, 120
4, 1,.png, -1277104486, 130, 130
4, 1,.png, -1326536537, 136, 136
4, 1,.png, -531732620, 126, 126
4, 1,.png, -954501683, 121, 121
4, 1,.png, -1656790122, 132, 132
4, 1,.png, 194474897, 114, 114
4, 1,.png, -1119256195, 119, 119
4, 1,.png, 1030713129, 127, 127
4, 1,.png, 738399630, 127, 127
4, 1,.png, 1152144773, 134, 134
4, 1,.png, 2060254678, 140, 140
4, 1,.png, -1464427273, 124, 124
4, 1,.png, -2056718234, 116, 116
4, 1,.png, -580826567, 124, 124
4, 1,.png, -538499002, 125, 125
4, 1,.png, -2071013030, 129, 129
4, 1,.png, -921955422, 143, 143
4, 1,.png, 1384360430, 118, 118
4, 1,.png, -1709960264, 137, 137
4, 1,.png, 780787934, 118, 118
4, 1,.png, -942614489, 114, 114
4, 2,.jpg, -1727469585, 148, 148
4, 2,.jpg, 1497871869, 147, 147
4, 2,.jpg, -1033201927, 125, 125
4, 2,.jpg, -308732809, 120, 120
4, 2,.jpg, -1343498474, 134, 134
4, 2,.jpg, 6332270, 126, 126
4, 2,.jpg, 1017149187, 137, 137
4, 2,.jpg, -1453676002, 135, 135
4, 2,.jpg, -756313530, 137, 137
4, 2,.jpg, -1765287511, 123, 123
4, 2,.jpg, -2926537, 146, 146
4, 2,.jpg, 589499045, 147, 147
4, 2,.jpg, 1657869769, 117, 117
4, 2,.jpg, 1461024337, 121, 121
4, 2,.jpg, 1464618334, 157, 157
4, 2,.jpg, -703182917, 126, 126
4, 2,.jpg, 1294418645, 129, 129
4, 2,.jpg, 1741953177, 135, 135
4, 2,.jpg, 1845459420, 153, 153
4, 2,.jpg, 492452686, 138, 138
4, 2,.jpg, -668930594, 157, 157
4, 2,.jpg, 1392899545, 122, 122
4, 2,.jpg, -1569138201, 138, 138
4, 2,.jpg, 1950557845, 119, 119
4, 2,.jpg, 571300985, 125, 125
4, 2,.jpg, -1564147478, 161, 161
4, 2,.jpg, -1393916780, 130, 130
4, 2,.jpg, -576477103, 150, 150
4, 2,.jpg, -95658123, 102, 102
4, 2,.jpg, 1336327450, 120, 120
4, 2,.png, -2069990452, 41, 40
4, 2,.png, 1386983323, 37, 36
4, 2,.png, -1617849220, 46, 45
4, 2,.png, -848011265, 70, 68
4, 2,.png, 1445850142, 75, 75
4, 2,.png, -1211174746, 50, 47
4, 2,.png, 1793927483, 71, 70
4, 2,.png, 1641355673, 36, 34
4, 2,.png, -1640356531, 62, 62
4, 2,.png, -727295579, 38, 37
4, 2,.png, 1348217062, 51, 50
4, 2,.png, 1546164193, 52, 50
4, 2,.png, -1522381399, 41, 38
4, 2,.png, -630514933, 40, 39
4, 2,.png, -1977546320, 40, 39
4, 2,.png, -1983603800, 35, 32
4, 2,.png, -1106732105, 34, 32
4, 2,.png, 691236573, 44, 43
4, 2,.png, 1428928288, 42, 41
4, 2,.png, -1064111264, 63, 62
4, 2,.png, 2065982190, 65, 65
4, 2,.png, 1993441173, 61, 59
4, 2,.png, 1123799170, 36, 34
4, 2,.png, 395654838, 59, 57
4, 2,.png, 530813670, 39, 36
4, 2,.png, -1649163332, 55, 53
4, 2,.png, 1146810093, 45, 44
4, 2,.png, -1439886074, 45, 42
4, 2,.png, 1232870344, 40, 38
4, 2,.png, 121984868, 36, 34
4, 3,.jpg, 736710689, 71, 71
4, 3,.jpg, -1592632918, 71, 71
4, 3,.jpg, -662026248, 66, 66
4, 3,.jpg, -935993617, 78, 78
4, 3,.jpg, 2036405675, 85, 85
4, 3,.jpg, -675897976, 80, 80
4, 3,.jpg, 1704358324, 99, 99
4, 3,.jpg, 1521571436, 68, 68
4, 3,.jpg, 963742105, 62, 62
4, 3,.jpg, 1858899268, 89, 89
4, 3,.jpg, 543923305, 81, 81
4, 3,.jpg, 81066379, 84, 84
4, 3,.jpg, -1899560163, 72, 72
4, 3,.jpg, -596722925, 80, 80
4, 3,.jpg, 300772287, 86, 86
4, 3,.jpg, 260913453, 84, 84
4, 3,.jpg, -1972995256, 94, 94
4, 3,.jpg, -1122285870, 64, 64
4, 3,.jpg, -1868686144, 102, 102
4, 3,.jpg, -1066134148, 72, 72
4, 3,.jpg, 1112449841, 94, 94
4, 3,.jpg, 1873250069, 76, 76
4, 3,.jpg, 911067467, 76, 76
4, 3,.jpg, 1064249342, 83, 83
4, 3,.jpg, -39786840, 62, 62
4, 3,.jpg, -4509324, 96, 96
4, 3,.jpg, -554326716, 57, 57
4, 3,.jpg, 1676772533, 88, 88
4, 3,.jpg, 1419521194, 72, 72
4, 3,.jpg, -1673761753, 72, 72
4, 3,.png, -151380600, 2, 0
4, 3,.png, -401755024, 5, 1
4, 3,.png, 1889412247, 4, 0
4, 3,.png, 2119263752, 4, 0
4, 3,.png, -1043295097, 5, 0
4, 3,.png, 1111819286, 5, 1
4, 3,.png, -1274464525, 5, 0
4, 3,.png, -491158894, 5, 0
4, 3,.png, -424406404, 5, 1
4, 3,.png, 117475395, 5, 1
4, 3,.png, -1771276878, 4, 0
4, 3,.png, 1122476312, 4, 0
4, 3,.png, -2119190053, 5, 1
4, 3,.png, -892074414, 5, 0
4, 3,.png, 1517282816, 5, 0
4, 3,.png, 467867534, 5, 1
4, 3,.png, -29593444, 5, 0
4, 3,.png, 2134238458, 5, 0
4, 3,.png, 1124411077, 5, 0
4, 3,.png, 108347406, 4, 0
4, 3,.png, -789938340, 5, 1
4, 3,.png, -1092676405, 5, 0
4, 3,.png, -59125205, 4, 0
4, 3,.png, 778584522, 5, 1
4, 3,.png, -1162000240, 4, 0
4, 3,.png, 894485731, 5, 0
4, 3,.png, 2083342807, 5, 1
4, 3,.png, -753030909, 5, 0
4, 3,.png, 1958282998, 5, 0
4, 3,.png, -1048168628, 5, 1
4, 4,.jpg, -1164664536, 3, 0
4, 4,.jpg, 580041861, 3, 0
4, 4,.jpg, 446156383, 3, 0
4, 4,.jpg, 989111256, 3, 0
4, 4,.jpg, -1501093918, 3, 0
4, 4,.jpg, 294094439, 3, 0
4, 4,.jpg, 700883180, 3, 0
4, 4,.jpg, -744045652, 3, 0
4, 4,.jpg, 1491937097, 3, 0
4, 4,.jpg, 1066677733, 3, 0
4, 4,.jpg, -1038318543, 3, 0
4, 4,.jpg, -408470802, 3, 0
4, 4,.jpg, -712916312, 3, 0
4, 4,.jpg, 878429660, 3, 0
4, 4,.jpg, 826547597, 3, 0
4, 4,.jpg, 1094756407, 3, 0
4, 4,.jpg, -1759673245, 3, 0
4, 4,.jpg, 529607603, 3, 0
4, 4,.jpg, 219825310, 3, 0
4, 4,.jpg, 1202618752, 3, 0
4, 4,.jpg, 2095259226, 3, 0
4, 4,.jpg, -780560029, 3, 0
4, 4,.jpg, 1649697549, 3, 0
4, 4,.jpg, -723011069, 3, 0
4, 4,.jpg, 1068423486, 3, 0
4, 4,.jpg, 1888508907, 3, 0
4, 4,.jpg, 1220717273, 3, 0
4, 4,.jpg, -1438590639, 3, 0
4, 4,.jpg, -1166144355, 3, 0
4, 4,.jpg, -1033978469, 3, 0
4, 4,.png, -1108608713, 3, 0
4, 4,.png, -1957728336, 3, 0
4, 4,.png, 1878190884, 3, 0
4, 4,.png, -1140473633, 3, 0
4, 4,.png, 1645434607, 3, 0
4, 4,.png, -2007075797, 3, 0
4, 4,.png, -561564815, 3, 0
4, 4,.png, -655365293, 3, 0
4, 4,.png, 64613032, 3, 0
4, 4,.png, 1621599475, 3, 0
4, 4,.png, 7765361, 3, 0
4, 4,.png, 2121312683, 3, 0
4, 4,.png, -300162214, 3, 0
4, 4,.png, 936378048, 3, 0
4, 4,.png, -812137310, 3, 0
4, 4,.png, -1504007966, 3, 0
4, 4,.png, 236790881, 3, 0
4, 4,.png, -1427092612, 3, 0
4, 4,.png, -1319099883, 3, 0
4, 4,.png, 1539983980, 3, 0
4, 4,.png, -1441248521, 3, 0
4, 4,.png, -278021157, 3, 0
4, 4,.png, -1980655164, 3, 0
4, 4,.png, 338406422, 3, 0
4, 4,.png, -1537854603, 3, 0
4, 4,.png, 742315520, 3, 0
4, 4,.png, 627629563, 3, 0
4, 4,.png, 1246424943, 3, 0
4, 4,.png, 93122355, 3, 0
4, 4,.png, -1422813337, 3, 0
4, 5,.jpg, 1475942517, 3, 0
4, 5,.jpg, 1012987168, 3, 0
4, 5,.jpg, -782473849, 3, 0
4, 5,.jpg, -2036935925, 3, 0
4, 5,.jpg, 824055786, 3, 0
4, 5,.jpg, -2060719426, 3, 0
4, 5,.jpg, 1328172032, 3, 0
4, 5,.jpg, 932923972, 3, 0
4, 5,.jpg, 2024343218, 3, 0
4, 5,.jpg, 7979624, 3, 0
4, 5,.jpg, -102789826, 3, 0
4, 5,.jpg, 290590814, 3, 0
4, 5,.jpg, -372179622, 3, 0
4, 5,.jpg, 420398599, 3, 0
4, 5,.jpg, 462807579, 3, 0
4, 5,.png, -403038242, 3, 0
4, 5,.png, -763686291, 3, 0
4, 5,.png, 349035158, 3, 0
4, 5,.png, -1493966578, 3, 0
4, 5,.png, -1482659389, 3, 0
4, 5,.png, 1812308625, 3, 0
4, 5,.png, -1749984970, 3, 0
4, 5,.png, 1390004297, 3, 0
4, 5,.png, 511209571, 3, 0
4, 5,.png, 755651643, 3, 0
4, 5,.png, 75892395, 3, 0
4, 5,.png, 820118823, 3, 0
4, 5,.png, -282136726, 3, 0
4, 5,.png, -1480105989, 3, 0
4, 5,.png, -1016563474, 3, 0
4, 0,.jpg, -1035995752, 3, 0
4, 0,.jpg, 679378961, 3, 0
4, 0,.jpg, -660229057, 3, 0
4, 0,.jpg, 1368362513, 3, 0
4, 0,.jpg, 305785694, 3, 0
4, 0,.jpg, 547904677, 3, 0
4, 0,.jpg, -1471835626, 3, 0
4, 0,.jpg, -1215298170, 3, 0
4, 0,.jpg, 325353938, 3, 0
4, 0,.jpg, -411423070, 3, 0
4, 0,.jpg, -1366288622, 3, 0
4, 0,.jpg, -1491790247, 3, 0
4, 0,.jpg, -2113613084, 3, 0
4, 0,.jpg, -1787782052, 3, 0
4, 0,.jpg, -1641768878, 3, 0
4, 0,.jpg, -1458205788, 3, 0
4, 0,.jpg, -1180865926, 3, 0
4, 0,.jpg, -1348328658, 3, 0
4, 0,.jpg, 1595952787, 3, 0
4, 0,.jpg, -1024018532, 3, 0
4, 0,.jpg, -1918796451, 3, 0
4, 0,.jpg, 387536606, 3, 0
4, 0,.jpg, -119124673, 3, 0
4, 0,.jpg, 1612124351, 3, 0
4, 0,.jpg, -1290013738, 3, 0
4, 0,.jpg, -969044440, 3, 0
4, 0,.jpg, -2116882812, 3, 0
4, 0,.jpg, 289018069, 3, 0
4, 0,.jpg, 1324308519, 3, 0
4, 0,.jpg, -385262421, 3, 0
4, 0,.png, -97632014, 3, 0
4, 0,.png, -1722174569, 3, 0
4, 0,.png, -1001913059, 3, 0
4, 0,.png, -1319469666, 3, 0
4, 0,.png, 1971844198, 3, 0
4, 0,.png, 1339038949, 3, 0
4, 0,.png, 818469152, 3, 0
4, 0,.png, -2144841759, 3, 0
4, 0,.png, -497528283, 3, 0
4, 0,.png, -232045932, 3, 0
4, 0,.png, 628441103, 3, 0
4, 0,.png, -45531124, 3, 0
4, 0,.png, 734291226, 3, 0
4, 0,.png, 1173586342, 3, 0
4, 0,.png, 405611993, 3, 0
4, 0,.png, -848049635, 3, 0
4, 0,.png, 100308962, 3, 0
4, 0,.png, -1995918149, 3, 0
4, 0,.png, -1370121521, 3, 0
4, 0,.png, 2011787676, 3, 0
4, 0,.png, -1737487330, 3, 0
4, 0,.png, 638730921, 3, 0
4, 0,.png, 2111055614, 3, 0
4, 0,.png, -206170911, 3, 0
4, 0,.png, 1916689499, 3, 0
4, 0,.png, 1979659658, 3, 0
4, 0,.png, 484775773, 3, 0
4, 0,.png, -463005119, 3, 0
4, 0,.png, -966590826, 3, 0
4, 0,.png, 1148172395, 3, 0