"Time","reducirimagen-755894457-zhvt9"
2025-04-05 18:41:00,236 MB
2025-04-05 18:41:01,236 MB
2025-04-05 18:41:02,237 MB
2025-04-05 18:41:03,237 MB
2025-04-05 18:41:04,237 MB
2025-04-05 18:41:05,237 MB
2025-04-05 18:41:06,237 MB
2025-04-05 18:41:07,237 MB
2025-04-05 18:41:08,237 MB
2025-04-05 18:41:09,237 MB
2025-04-05 18:41:10,237 MB
2025-04-05 18:41:11,237 MB
2025-04-05 18:41:12,237 MB
2025-04-05 18:41:13,237 MB
2025-04-05 18:41:14,237 MB
2025-04-05 18:41:15,237 MB
2025-04-05 18:41:16,237 MB
2025-04-05 18:41:17,237 MB
2025-04-05 18:41:18,237 MB
2025-04-05 18:41:19,237 MB
2025-04-05 18:41:20,239 MB
2025-04-05 18:41:21,239 MB
2025-04-05 18:41:22,239 MB
2025-04-05 18:41:23,239 MB
2025-04-05 18:41:24,239 MB
2025-04-05 18:41:25,239 MB
2025-04-05 18:41:26,239 MB
2025-04-05 18:41:27,239 MB
2025-04-05 18:41:28,239 MB
2025-04-05 18:41:29,239 MB
2025-04-05 18:41:30,239 MB
2025-04-05 18:41:31,239 MB
2025-04-05 18:41:32,239 MB
2025-04-05 18:41:33,239 MB
2025-04-05 18:41:34,239 MB
2025-04-05 18:41:35,239 MB
2025-04-05 18:41:36,239 MB
2025-04-05 18:41:37,239 MB
2025-04-05 18:41:38,239 MB
2025-04-05 18:41:39,239 MB
2025-04-05 18:41:40,239 MB
2025-04-05 18:41:41,239 MB
2025-04-05 18:41:42,239 MB
2025-04-05 18:41:43,239 MB
2025-04-05 18:41:44,239 MB
2025-04-05 18:41:45,239 MB
2025-04-05 18:41:46,239 MB
2025-04-05 18:41:47,239 MB
2025-04-05 18:41:48,239 MB
2025-04-05 18:41:49,239 MB
2025-04-05 18:41:50,239 MB
2025-04-05 18:41:51,239 MB
2025-04-05 18:41:52,239 MB
2025-04-05 18:41:53,239 MB
2025-04-05 18:41:54,239 MB
2025-04-05 18:41:55,240 MB
2025-04-05 18:41:56,240 MB
2025-04-05 18:41:57,240 MB
2025-04-05 18:41:58,240 MB
2025-04-05 18:41:59,240 MB
2025-04-05 18:42:00,240 MB
2025-04-05 18:42:01,240 MB
2025-04-05 18:42:02,240 MB
2025-04-05 18:42:03,240 MB
2025-04-05 18:42:04,240 MB
2025-04-05 18:42:05,240 MB
2025-04-05 18:42:06,240 MB
2025-04-05 18:42:07,240 MB
2025-04-05 18:42:08,240 MB
2025-04-05 18:42:09,240 MB
2025-04-05 18:42:10,240 MB
2025-04-05 18:42:11,240 MB
2025-04-05 18:42:12,240 MB
2025-04-05 18:42:13,240 MB
2025-04-05 18:42:14,240 MB
2025-04-05 18:42:15,240 MB
2025-04-05 18:42:16,240 MB
2025-04-05 18:42:17,240 MB
2025-04-05 18:42:18,240 MB
2025-04-05 18:42:19,240 MB
2025-04-05 18:42:20,240 MB
2025-04-05 18:42:21,240 MB
2025-04-05 18:42:22,240 MB
2025-04-05 18:42:23,240 MB
2025-04-05 18:42:24,240 MB
2025-04-05 18:42:25,240 MB
2025-04-05 18:42:26,240 MB
2025-04-05 18:42:27,240 MB
2025-04-05 18:42:28,240 MB
2025-04-05 18:42:29,240 MB
2025-04-05 18:42:30,240 MB
2025-04-05 18:42:31,240 MB
2025-04-05 18:42:32,240 MB
2025-04-05 18:42:33,240 MB
2025-04-05 18:42:34,240 MB
2025-04-05 18:42:35,240 MB
2025-04-05 18:42:36,240 MB
2025-04-05 18:42:37,240 MB
2025-04-05 18:42:38,240 MB
2025-04-05 18:42:39,240 MB
2025-04-05 18:42:40,240 MB
2025-04-05 18:42:41,240 MB
2025-04-05 18:42:42,240 MB
2025-04-05 18:42:43,240 MB
2025-04-05 18:42:44,240 MB
2025-04-05 18:42:45,240 MB
2025-04-05 18:42:46,240 MB
2025-04-05 18:42:47,240 MB
2025-04-05 18:42:48,240 MB
2025-04-05 18:42:49,240 MB
2025-04-05 18:42:50,240 MB
2025-04-05 18:42:51,240 MB
2025-04-05 18:42:52,240 MB
2025-04-05 18:42:53,240 MB
2025-04-05 18:42:54,240 MB
2025-04-05 18:42:55,240 MB
2025-04-05 18:42:56,240 MB
2025-04-05 18:42:57,240 MB
2025-04-05 18:42:58,240 MB
2025-04-05 18:42:59,240 MB
2025-04-05 18:43:00,240 MB
2025-04-05 18:43:01,240 MB
2025-04-05 18:43:02,240 MB
2025-04-05 18:43:03,240 MB
2025-04-05 18:43:04,240 MB
2025-04-05 18:43:05,240 MB
2025-04-05 18:43:06,240 MB
2025-04-05 18:43:07,240 MB
2025-04-05 18:43:08,240 MB
2025-04-05 18:43:09,240 MB
2025-04-05 18:43:10,240 MB
2025-04-05 18:43:11,240 MB
2025-04-05 18:43:12,240 MB
2025-04-05 18:43:13,240 MB
2025-04-05 18:43:14,240 MB
2025-04-05 18:43:15,240 MB
2025-04-05 18:43:16,240 MB
2025-04-05 18:43:17,240 MB
2025-04-05 18:43:18,240 MB
2025-04-05 18:43:19,240 MB
2025-04-05 18:43:20,240 MB
2025-04-05 18:43:21,240 MB
2025-04-05 18:43:22,240 MB
2025-04-05 18:43:23,240 MB
2025-04-05 18:43:24,240 MB
2025-04-05 18:43:25,240 MB
2025-04-05 18:43:26,240 MB
2025-04-05 18:43:27,240 MB
2025-04-05 18:43:28,240 MB
2025-04-05 18:43:29,240 MB
2025-04-05 18:43:30,240 MB
2025-04-05 18:43:31,240 MB
2025-04-05 18:43:32,240 MB
2025-04-05 18:43:33,240 MB
2025-04-05 18:43:34,240 MB
2025-04-05 18:43:35,240 MB
2025-04-05 18:43:36,240 MB
2025-04-05 18:43:37,240 MB
2025-04-05 18:43:38,240 MB
2025-04-05 18:43:39,240 MB
2025-04-05 18:43:40,240 MB
2025-04-05 18:43:41,240 MB
2025-04-05 18:43:42,240 MB
2025-04-05 18:43:43,240 MB
2025-04-05 18:43:44,240 MB
2025-04-05 18:43:45,240 MB
2025-04-05 18:43:46,240 MB
2025-04-05 18:43:47,240 MB
2025-04-05 18:43:48,240 MB
2025-04-05 18:43:49,240 MB
2025-04-05 18:43:50,240 MB
2025-04-05 18:43:51,240 MB
2025-04-05 18:43:52,240 MB
2025-04-05 18:43:53,240 MB
2025-04-05 18:43:54,240 MB
2025-04-05 18:43:55,240 MB
2025-04-05 18:43:56,240 MB
2025-04-05 18:43:57,240 MB
2025-04-05 18:43:58,240 MB
2025-04-05 18:43:59,240 MB
2025-04-05 18:44:00,240 MB
2025-04-05 18:44:01,240 MB
2025-04-05 18:44:02,240 MB
2025-04-05 18:44:03,240 MB
2025-04-05 18:44:04,240 MB
2025-04-05 18:44:05,240 MB
2025-04-05 18:44:06,240 MB
2025-04-05 18:44:07,240 MB
2025-04-05 18:44:08,240 MB
2025-04-05 18:44:09,240 MB
2025-04-05 18:44:10,240 MB
2025-04-05 18:44:11,240 MB
2025-04-05 18:44:12,240 MB
2025-04-05 18:44:13,240 MB
2025-04-05 18:44:14,240 MB
2025-04-05 18:44:15,240 MB
2025-04-05 18:44:16,240 MB
2025-04-05 18:44:17,240 MB
2025-04-05 18:44:18,240 MB
2025-04-05 18:44:19,240 MB
2025-04-05 18:44:20,240 MB
2025-04-05 18:44:21,240 MB
2025-04-05 18:44:22,240 MB
2025-04-05 18:44:23,240 MB
2025-04-05 18:44:24,240 MB
2025-04-05 18:44:25,240 MB
2025-04-05 18:44:26,240 MB
2025-04-05 18:44:27,237 MB
2025-04-05 18:44:28,237 MB
2025-04-05 18:44:29,237 MB
2025-04-05 18:44:30,237 MB
2025-04-05 18:44:31,237 MB
2025-04-05 18:44:32,237 MB
2025-04-05 18:44:33,237 MB
2025-04-05 18:44:34,237 MB
2025-04-05 18:44:35,237 MB
2025-04-05 18:44:36,237 MB
2025-04-05 18:44:37,237 MB
2025-04-05 18:44:38,237 MB
2025-04-05 18:44:39,237 MB
2025-04-05 18:44:40,237 MB
2025-04-05 18:44:41,237 MB
2025-04-05 18:44:42,237 MB
2025-04-05 18:44:43,237 MB
2025-04-05 18:44:44,237 MB
2025-04-05 18:44:45,237 MB
2025-04-05 18:44:46,237 MB
2025-04-05 18:44:47,237 MB
2025-04-05 18:44:48,237 MB
2025-04-05 18:44:49,237 MB
2025-04-05 18:44:50,237 MB
2025-04-05 18:44:51,237 MB
2025-04-05 18:44:52,237 MB
2025-04-05 18:44:53,237 MB
2025-04-05 18:44:54,237 MB
2025-04-05 18:44:55,237 MB
2025-04-05 18:44:56,237 MB
2025-04-05 18:44:57,237 MB
2025-04-05 18:44:58,237 MB
2025-04-05 18:44:59,237 MB
2025-04-05 18:45:00,237 MB
2025-04-05 18:45:01,237 MB
2025-04-05 18:45:02,237 MB
2025-04-05 18:45:03,237 MB
2025-04-05 18:45:04,237 MB
2025-04-05 18:45:05,237 MB
2025-04-05 18:45:06,237 MB
2025-04-05 18:45:07,237 MB
2025-04-05 18:45:08,237 MB
2025-04-05 18:45:09,237 MB
2025-04-05 18:45:10,237 MB
2025-04-05 18:45:11,237 MB
2025-04-05 18:45:12,237 MB
2025-04-05 18:45:13,237 MB
2025-04-05 18:45:14,237 MB
2025-04-05 18:45:15,237 MB
2025-04-05 18:45:16,237 MB
2025-04-05 18:45:17,237 MB
2025-04-05 18:45:18,237 MB
2025-04-05 18:45:19,237 MB
2025-04-05 18:45:20,237 MB
2025-04-05 18:45:21,237 MB
2025-04-05 18:45:22,237 MB
2025-04-05 18:45:23,237 MB
2025-04-05 18:45:24,237 MB
2025-04-05 18:45:25,237 MB
2025-04-05 18:45:26,237 MB
2025-04-05 18:45:27,237 MB
2025-04-05 18:45:28,237 MB
2025-04-05 18:45:29,237 MB
2025-04-05 18:45:30,237 MB
2025-04-05 18:45:31,237 MB
2025-04-05 18:45:32,237 MB
2025-04-05 18:45:33,237 MB
2025-04-05 18:45:34,237 MB
2025-04-05 18:45:35,237 MB
2025-04-05 18:45:36,237 MB
2025-04-05 18:45:37,237 MB
2025-04-05 18:45:38,237 MB
2025-04-05 18:45:39,237 MB
2025-04-05 18:45:40,237 MB
2025-04-05 18:45:41,237 MB
2025-04-05 18:45:42,237 MB
2025-04-05 18:45:43,237 MB
2025-04-05 18:45:44,237 MB
2025-04-05 18:45:45,237 MB
2025-04-05 18:45:46,237 MB
2025-04-05 18:45:47,237 MB
2025-04-05 18:45:48,237 MB
2025-04-05 18:45:49,237 MB
2025-04-05 18:45:50,237 MB
2025-04-05 18:45:51,237 MB
2025-04-05 18:45:52,237 MB
2025-04-05 18:45:53,237 MB
2025-04-05 18:45:54,237 MB
2025-04-05 18:45:55,237 MB
2025-04-05 18:45:56,237 MB
2025-04-05 18:45:57,237 MB
2025-04-05 18:45:58,237 MB
2025-04-05 18:45:59,237 MB
2025-04-05 18:46:00,237 MB