ResponseCode,SendingTime,ReceptionTime,ProcessingTime
200,2024-05-29-17:19:57.2235,2024-05-29-17:20:21.9850,1384
200,2024-05-29-17:20:23.7550,2024-05-29-17:20:49.8410,1423
200,2024-05-29-17:20:51.6480,2024-05-29-17:21:14.8410,1368
200,2024-05-29-17:21:16.5907,2024-05-29-17:21:39.5950,1388
200,2024-05-29-17:21:41.3630,2024-05-29-17:22:04.5080,1372
200,2024-05-29-17:22:06.2592,2024-05-29-17:22:29.4750,1410
200,2024-05-29-17:22:31.2618,2024-05-29-17:22:54.4580,1367
200,2024-05-29-17:22:56.2016,2024-05-29-17:23:19.4190,1428
200,2024-05-29-17:23:21.2212,2024-05-29-17:23:44.3470,1356
200,2024-05-29-17:23:46.0862,2024-05-29-17:24:09.3150,1393
200,2024-05-29-17:24:11.0849,2024-05-29-17:24:34.5010,1375
200,2024-05-29-17:24:36.2470,2024-05-29-17:24:59.5270,1414
200,2024-05-29-17:25:01.3105,2024-05-29-17:25:24.6140,1361
200,2024-05-29-17:25:26.3441,2024-05-29-17:25:49.4790,1395
200,2024-05-29-17:25:51.2410,2024-05-29-17:26:14.6580,1359
200,2024-05-29-17:26:16.3842,2024-05-29-17:26:39.4820,1401
200,2024-05-29-17:26:41.2483,2024-05-29-17:27:04.2390,1361
200,2024-05-29-17:27:05.9647,2024-05-29-17:27:28.9780,1393
200,2024-05-29-17:27:30.7339,2024-05-29-17:27:53.8200,1354
200,2024-05-29-17:27:55.5351,2024-05-29-17:28:18.5960,1359
200,2024-05-29-17:28:20.3154,2024-05-29-17:28:43.4290,1351
200,2024-05-29-17:28:45.1395,2024-05-29-17:29:08.3710,1394
200,2024-05-29-17:29:10.1232,2024-05-29-17:29:33.6990,1383
200,2024-05-29-17:29:35.4380,2024-05-29-17:29:58.8010,1371
