"Time","reducirimagen.openfaas-fn","reducirimagen.openfaas-fn","reducirimagen.openfaas-fn","reducirimagen.openfaas-fn"
2025-01-29 20:05:15,2.05,,,
2025-01-29 20:05:30,3.59,,,
2025-01-29 20:05:45,2.43,NaN,,
2025-01-29 20:06:00,4.84,NaN,,
2025-01-29 20:06:15,1.64,NaN,,
2025-01-29 20:06:30,1.70,NaN,,
2025-01-29 20:06:45,1.40,NaN,,
2025-01-29 20:07:00,1.51,NaN,,
2025-01-29 20:07:15,1.32,NaN,,
2025-01-29 20:07:30,1.25,NaN,,
2025-01-29 20:07:45,1.14,NaN,,
2025-01-29 20:08:00,1.13,NaN,,
2025-01-29 20:08:15,NaN,NaN,,
2025-01-29 20:08:30,NaN,NaN,,
2025-01-29 20:08:45,NaN,NaN,,
2025-01-29 20:09:00,NaN,NaN,,
2025-01-29 20:09:15,2.36,NaN,,
2025-01-29 20:09:30,3.16,NaN,,
2025-01-29 20:09:45,2.84,30.0,,
2025-01-29 20:10:00,4.07,NaN,,
2025-01-29 20:10:15,2.33,NaN,,
2025-01-29 20:10:30,2.46,NaN,,
2025-01-29 20:10:45,3.01,NaN,,
2025-01-29 20:11:00,2.93,NaN,,
2025-01-29 20:11:15,2.90,NaN,,
2025-01-29 20:11:30,2.81,NaN,,
2025-01-29 20:11:45,3.28,NaN,,
2025-01-29 20:12:00,2.94,NaN,,
2025-01-29 20:12:15,NaN,NaN,,
2025-01-29 20:12:30,NaN,NaN,,
2025-01-29 20:12:45,NaN,NaN,,
2025-01-29 20:13:00,NaN,NaN,,
2025-01-29 20:13:15,3.16,NaN,,
2025-01-29 20:13:30,4.74,NaN,,
2025-01-29 20:13:45,3.85,NaN,,
2025-01-29 20:14:00,3.95,NaN,,
2025-01-29 20:14:15,3.42,NaN,,
2025-01-29 20:14:30,3.71,NaN,,
2025-01-29 20:14:45,3.70,NaN,,
2025-01-29 20:15:00,3.85,NaN,,
2025-01-29 20:15:15,3.79,NaN,,
2025-01-29 20:15:30,3.91,NaN,,
2025-01-29 20:15:45,3.97,NaN,,
2025-01-29 20:16:00,3.91,NaN,,
2025-01-29 20:16:15,NaN,NaN,,
2025-01-29 20:16:30,NaN,NaN,,
2025-01-29 20:16:45,NaN,NaN,,
2025-01-29 20:17:00,NaN,NaN,,
2025-01-29 20:17:15,2.64,NaN,,
2025-01-29 20:17:30,2.83,NaN,,
2025-01-29 20:17:45,2.47,NaN,,
2025-01-29 20:18:00,2.72,NaN,,
2025-01-29 20:18:15,2.76,NaN,,
2025-01-29 20:18:30,2.67,NaN,,
2025-01-29 20:18:45,2.42,NaN,,
2025-01-29 20:19:00,2.55,NaN,,
2025-01-29 20:19:15,2.46,NaN,,
2025-01-29 20:19:30,2.20,30.0,,
2025-01-29 20:19:45,2.11,30.0,,
2025-01-29 20:20:00,2.33,30.0,,
2025-01-29 20:20:15,NaN,NaN,,
2025-01-29 20:20:30,NaN,NaN,,
2025-01-29 20:20:45,NaN,NaN,,
2025-01-29 20:21:00,NaN,NaN,,
2025-01-29 20:21:15,4.00,NaN,,
2025-01-29 20:21:30,6.86,NaN,,
2025-01-29 20:21:45,4.56,NaN,,
2025-01-29 20:22:00,4.55,NaN,,
2025-01-29 20:22:15,5.16,NaN,,
2025-01-29 20:22:30,4.49,NaN,,
2025-01-29 20:22:45,5.41,NaN,,
2025-01-29 20:23:00,4.97,NaN,,
2025-01-29 20:23:15,6.56,NaN,,
2025-01-29 20:23:30,6.47,NaN,,
2025-01-29 20:23:45,7.57,30.0,,
2025-01-29 20:24:00,7.90,30.0,,
2025-01-29 20:24:15,NaN,30.0,,
2025-01-29 20:24:30,NaN,NaN,,
2025-01-29 20:24:45,NaN,NaN,,
2025-01-29 20:25:00,NaN,NaN,,
2025-01-29 20:25:15,3.90,NaN,,
2025-01-29 20:25:30,5.20,NaN,,
2025-01-29 20:25:45,5.99,NaN,,
2025-01-29 20:26:00,3.28,NaN,,
2025-01-29 20:26:15,7.20,NaN,,
2025-01-29 20:26:30,3.13,NaN,,
2025-01-29 20:26:45,4.96,NaN,,
2025-01-29 20:27:00,3.57,NaN,,
2025-01-29 20:27:15,7.71,NaN,,
2025-01-29 20:27:30,8.54,NaN,,
2025-01-29 20:27:45,5.63,30.0,,
2025-01-29 20:28:00,7.36,30.0,,
2025-01-29 20:28:15,NaN,NaN,,
2025-01-29 20:28:30,NaN,NaN,,
2025-01-29 20:28:45,NaN,NaN,,
2025-01-29 20:29:00,NaN,NaN,,
2025-01-29 20:29:15,4.72,NaN,,
2025-01-29 20:29:30,7.73,NaN,,
2025-01-29 20:29:45,6.84,NaN,,
2025-01-29 20:30:00,8.23,NaN,,
2025-01-29 20:30:15,7.18,NaN,,
2025-01-29 20:30:30,5.20,NaN,,
2025-01-29 20:30:45,7.12,NaN,,
2025-01-29 20:31:00,8.21,NaN,,
2025-01-29 20:31:15,6.08,NaN,,
2025-01-29 20:31:30,7.05,NaN,,
2025-01-29 20:31:45,6.19,NaN,,
2025-01-29 20:32:00,5.00,NaN,,
2025-01-29 20:32:15,NaN,NaN,,
2025-01-29 20:32:30,NaN,NaN,,
2025-01-29 20:32:45,NaN,NaN,,
2025-01-29 20:33:00,NaN,NaN,,
2025-01-29 20:33:15,3.78,NaN,,
2025-01-29 20:33:30,8.67,NaN,,
2025-01-29 20:33:45,4.80,NaN,,
2025-01-29 20:34:00,7.33,NaN,,
2025-01-29 20:34:15,5.22,NaN,,
2025-01-29 20:34:30,5.86,NaN,,
2025-01-29 20:34:45,5.74,NaN,,
2025-01-29 20:35:00,6.24,NaN,,
2025-01-29 20:35:15,6.23,NaN,,
2025-01-29 20:35:30,5.69,NaN,,
2025-01-29 20:35:45,7.25,NaN,,
2025-01-29 20:36:00,4.96,NaN,,
2025-01-29 20:36:15,NaN,NaN,,
2025-01-29 20:36:30,NaN,NaN,,
2025-01-29 20:36:45,NaN,NaN,,
2025-01-29 20:37:00,NaN,NaN,,
2025-01-29 20:37:15,0.618,NaN,,
2025-01-29 20:37:30,0.596,NaN,,
2025-01-29 20:37:45,0.472,NaN,,
2025-01-29 20:38:00,0.331,NaN,,
2025-01-29 20:38:15,0.332,NaN,,
2025-01-29 20:38:30,0.255,NaN,,
2025-01-29 20:38:45,0.268,NaN,,
2025-01-29 20:39:00,0.242,NaN,,
2025-01-29 20:39:15,0.224,NaN,,
2025-01-29 20:39:30,0.211,NaN,,
2025-01-29 20:39:45,0.205,NaN,,
2025-01-29 20:40:00,0.186,NaN,,
2025-01-29 20:40:15,NaN,NaN,,
2025-01-29 20:40:30,NaN,NaN,,
2025-01-29 20:40:45,NaN,NaN,,
2025-01-29 20:41:00,NaN,NaN,,
2025-01-29 20:41:15,0.442,NaN,,
2025-01-29 20:41:30,0.414,NaN,,
2025-01-29 20:41:45,0.400,NaN,,
2025-01-29 20:42:00,0.415,NaN,,
2025-01-29 20:42:15,0.334,NaN,,
2025-01-29 20:42:30,0.368,NaN,,
2025-01-29 20:42:45,0.386,NaN,,
2025-01-29 20:43:00,0.342,NaN,,
2025-01-29 20:43:15,0.367,NaN,,
2025-01-29 20:43:30,0.315,NaN,,
2025-01-29 20:43:45,0.356,NaN,,
2025-01-29 20:44:00,0.352,NaN,,
2025-01-29 20:44:15,NaN,NaN,,
2025-01-29 20:44:30,NaN,NaN,,
2025-01-29 20:44:45,NaN,NaN,,
2025-01-29 20:45:00,NaN,NaN,,
2025-01-29 20:45:15,1.63,NaN,,
2025-01-29 20:45:30,2.09,NaN,,
2025-01-29 20:45:45,1.68,NaN,,
2025-01-29 20:46:00,0.847,NaN,,
2025-01-29 20:46:15,1.14,NaN,,
2025-01-29 20:46:30,0.878,NaN,,
2025-01-29 20:46:45,0.693,NaN,,
2025-01-29 20:47:00,0.817,NaN,,
2025-01-29 20:47:15,0.531,NaN,,
2025-01-29 20:47:30,0.581,NaN,,
2025-01-29 20:47:45,0.623,NaN,,
2025-01-29 20:48:00,0.501,NaN,,
2025-01-29 20:48:15,NaN,NaN,,
2025-01-29 20:48:30,NaN,NaN,,
2025-01-29 20:48:45,NaN,NaN,,
2025-01-29 20:49:00,NaN,NaN,,
2025-01-29 20:49:15,1.66,NaN,,
2025-01-29 20:49:30,1.37,NaN,,
2025-01-29 20:49:45,1.15,NaN,,
2025-01-29 20:50:00,1.24,NaN,,
2025-01-29 20:50:15,1.35,NaN,,
2025-01-29 20:50:30,1.41,NaN,,
2025-01-29 20:50:45,1.21,NaN,,
2025-01-29 20:51:00,1.43,NaN,,
2025-01-29 20:51:15,1.38,NaN,,
2025-01-29 20:51:30,1.27,NaN,,
2025-01-29 20:51:45,1.53,NaN,,
2025-01-29 20:52:00,1.37,NaN,,
2025-01-29 20:52:15,NaN,NaN,,
2025-01-29 20:52:30,NaN,NaN,,
2025-01-29 20:52:45,NaN,NaN,,
2025-01-29 20:53:00,NaN,NaN,,
2025-01-29 20:53:15,2.57,NaN,,
2025-01-29 20:53:30,6.15,NaN,,
2025-01-29 20:53:45,3.86,NaN,,
2025-01-29 20:54:00,3.65,NaN,,
2025-01-29 20:54:15,3.32,NaN,,
2025-01-29 20:54:30,4.21,NaN,,
2025-01-29 20:54:45,3.89,NaN,,
2025-01-29 20:55:00,3.74,NaN,,
2025-01-29 20:55:15,3.48,NaN,,
2025-01-29 20:55:30,3.85,NaN,,
2025-01-29 20:55:45,3.81,NaN,,
2025-01-29 20:56:00,3.66,NaN,,
2025-01-29 20:56:15,NaN,NaN,,
2025-01-29 20:56:30,NaN,NaN,,
2025-01-29 20:56:45,NaN,NaN,,
2025-01-29 20:57:00,NaN,NaN,,
2025-01-29 20:57:15,2.47,NaN,,
2025-01-29 20:57:30,4.39,NaN,,
2025-01-29 20:57:45,2.64,NaN,,
2025-01-29 20:58:00,2.85,30.0,,
2025-01-29 20:58:15,2.38,30.0,,
2025-01-29 20:58:30,2.54,30.0,,
2025-01-29 20:58:45,2.57,30.0,,
2025-01-29 20:59:00,2.49,30.0,,
2025-01-29 20:59:15,2.50,30.0,,
2025-01-29 20:59:30,2.40,30.0,,
2025-01-29 20:59:45,2.27,30.0,,
2025-01-29 21:00:00,2.22,30.0,,
2025-01-29 21:00:15,NaN,NaN,,
2025-01-29 21:00:30,NaN,NaN,,
2025-01-29 21:00:45,NaN,NaN,,
2025-01-29 21:01:00,NaN,NaN,,
2025-01-29 21:01:15,3.77,NaN,,
2025-01-29 21:01:30,4.21,NaN,,
2025-01-29 21:01:45,4.72,NaN,,
2025-01-29 21:02:00,4.57,NaN,,
2025-01-29 21:02:15,5.33,NaN,,
2025-01-29 21:02:30,4.23,NaN,,
2025-01-29 21:02:45,4.66,NaN,,
2025-01-29 21:03:00,4.49,NaN,,
2025-01-29 21:03:15,7.32,NaN,,NaN
2025-01-29 21:03:30,5.62,NaN,,NaN
2025-01-29 21:03:45,7.31,30.0,,NaN
2025-01-29 21:04:00,7.49,30.0,,NaN
2025-01-29 21:04:15,NaN,30.0,,NaN
2025-01-29 21:04:30,NaN,NaN,,NaN
2025-01-29 21:04:45,NaN,NaN,,NaN
2025-01-29 21:05:00,NaN,NaN,,NaN
2025-01-29 21:05:15,3.45,NaN,,NaN
2025-01-29 21:05:30,4.98,NaN,,NaN
2025-01-29 21:05:45,5.76,NaN,,NaN
2025-01-29 21:06:00,3.80,NaN,,NaN
2025-01-29 21:06:15,5.01,NaN,,NaN
2025-01-29 21:06:30,3.92,NaN,,NaN
2025-01-29 21:06:45,7.57,NaN,,NaN
2025-01-29 21:07:00,3.86,NaN,,NaN
2025-01-29 21:07:15,9.27,30.0,,NaN
2025-01-29 21:07:30,6.07,30.0,,NaN
2025-01-29 21:07:45,6.32,30.0,,NaN
2025-01-29 21:08:00,5.65,30.0,,NaN
2025-01-29 21:08:15,29.4,NaN,,NaN
2025-01-29 21:08:30,NaN,NaN,,NaN
2025-01-29 21:08:45,NaN,NaN,,NaN
2025-01-29 21:09:00,NaN,NaN,,NaN
2025-01-29 21:09:15,4.98,NaN,,NaN
2025-01-29 21:09:30,7.57,NaN,,NaN
2025-01-29 21:09:45,6.40,NaN,,NaN
2025-01-29 21:10:00,8.47,NaN,,NaN
2025-01-29 21:10:15,6.74,NaN,,NaN
2025-01-29 21:10:30,5.74,NaN,,NaN
2025-01-29 21:10:45,8.33,NaN,,NaN
2025-01-29 21:11:00,6.35,NaN,,NaN
2025-01-29 21:11:15,6.63,NaN,,NaN
2025-01-29 21:11:30,8.36,NaN,,NaN
2025-01-29 21:11:45,6.99,NaN,,NaN
2025-01-29 21:12:00,5.87,NaN,,NaN
2025-01-29 21:12:15,NaN,NaN,,NaN
2025-01-29 21:12:30,NaN,NaN,,NaN
2025-01-29 21:12:45,NaN,NaN,,NaN
2025-01-29 21:13:00,NaN,NaN,,NaN
2025-01-29 21:13:15,3.94,NaN,,NaN
2025-01-29 21:13:30,5.97,NaN,,NaN
2025-01-29 21:13:45,5.06,NaN,,NaN
2025-01-29 21:14:00,4.63,NaN,,NaN
2025-01-29 21:14:15,6.29,NaN,,NaN
2025-01-29 21:14:30,6.12,NaN,,NaN
2025-01-29 21:14:45,6.16,NaN,,NaN
2025-01-29 21:15:00,6.31,NaN,,NaN
2025-01-29 21:15:15,7.43,NaN,,NaN
2025-01-29 21:15:30,6.23,NaN,,NaN
2025-01-29 21:15:45,6.51,NaN,,NaN
2025-01-29 21:16:00,6.68,NaN,,NaN
2025-01-29 21:16:15,NaN,NaN,,NaN
2025-01-29 21:16:30,NaN,NaN,,NaN
2025-01-29 21:16:45,NaN,NaN,,NaN
2025-01-29 21:17:00,NaN,NaN,,NaN
2025-01-29 21:17:15,0.597,NaN,,NaN
2025-01-29 21:17:30,0.616,NaN,,NaN
2025-01-29 21:17:45,0.420,NaN,,NaN
2025-01-29 21:18:00,0.346,NaN,,NaN
2025-01-29 21:18:15,0.355,NaN,,NaN
2025-01-29 21:18:30,0.321,NaN,,NaN
2025-01-29 21:18:45,0.253,NaN,,NaN
2025-01-29 21:19:00,0.256,NaN,,NaN
2025-01-29 21:19:15,0.204,NaN,,NaN
2025-01-29 21:19:30,0.217,NaN,,NaN
2025-01-29 21:19:45,0.205,NaN,,NaN
2025-01-29 21:20:00,0.181,NaN,,NaN
2025-01-29 21:20:15,NaN,NaN,,NaN
2025-01-29 21:20:30,NaN,NaN,,NaN
2025-01-29 21:20:45,NaN,NaN,,NaN
2025-01-29 21:21:00,NaN,NaN,,NaN
2025-01-29 21:21:15,0.422,NaN,,NaN
2025-01-29 21:21:30,0.424,NaN,,NaN
2025-01-29 21:21:45,0.362,NaN,,NaN
2025-01-29 21:22:00,0.362,NaN,,NaN
2025-01-29 21:22:15,0.409,NaN,,NaN
2025-01-29 21:22:30,0.393,NaN,,NaN
2025-01-29 21:22:45,0.406,NaN,,NaN
2025-01-29 21:23:00,0.349,NaN,,NaN
2025-01-29 21:23:15,0.361,NaN,,NaN
2025-01-29 21:23:30,0.369,NaN,,NaN
2025-01-29 21:23:45,0.368,NaN,,NaN
2025-01-29 21:24:00,0.345,NaN,,NaN
2025-01-29 21:24:15,NaN,NaN,,NaN
2025-01-29 21:24:30,NaN,NaN,,NaN
2025-01-29 21:24:45,NaN,NaN,,NaN
2025-01-29 21:25:00,NaN,NaN,,NaN
2025-01-29 21:25:15,1.75,NaN,,NaN
2025-01-29 21:25:30,1.72,NaN,,NaN
2025-01-29 21:25:45,1.45,NaN,,NaN
2025-01-29 21:26:00,0.891,NaN,,NaN
2025-01-29 21:26:15,0.799,NaN,,NaN
2025-01-29 21:26:30,0.748,NaN,,NaN
2025-01-29 21:26:45,0.704,NaN,,NaN
2025-01-29 21:27:00,0.696,NaN,,NaN
2025-01-29 21:27:15,0.667,NaN,,NaN
2025-01-29 21:27:30,0.555,NaN,,NaN
2025-01-29 21:27:45,0.567,NaN,,NaN
2025-01-29 21:28:00,0.502,NaN,,NaN
2025-01-29 21:28:15,NaN,NaN,,NaN
2025-01-29 21:28:30,NaN,NaN,,NaN
2025-01-29 21:28:45,NaN,NaN,,NaN
2025-01-29 21:29:00,NaN,NaN,,NaN
2025-01-29 21:29:15,1.56,NaN,,NaN
2025-01-29 21:29:30,1.40,NaN,,NaN
2025-01-29 21:29:45,1.38,NaN,,NaN
2025-01-29 21:30:00,1.31,NaN,,NaN
2025-01-29 21:30:15,1.51,NaN,,NaN
2025-01-29 21:30:30,1.59,NaN,,NaN
2025-01-29 21:30:45,1.25,NaN,,NaN
2025-01-29 21:31:00,1.15,NaN,,NaN
2025-01-29 21:31:15,1.33,NaN,,NaN
2025-01-29 21:31:30,1.33,NaN,,NaN
2025-01-29 21:31:45,1.21,NaN,,NaN
2025-01-29 21:32:00,1.32,NaN,,NaN
2025-01-29 21:32:15,NaN,NaN,,NaN
2025-01-29 21:32:30,NaN,NaN,,NaN
2025-01-29 21:32:45,NaN,NaN,,NaN
2025-01-29 21:33:00,NaN,NaN,,NaN
2025-01-29 21:33:15,2.18,NaN,,NaN
2025-01-29 21:33:30,3.45,NaN,,NaN
2025-01-29 21:33:45,2.98,NaN,,NaN
2025-01-29 21:34:00,3.04,NaN,,NaN
2025-01-29 21:34:15,1.43,NaN,,NaN
2025-01-29 21:34:30,1.58,NaN,,NaN
2025-01-29 21:34:45,1.41,NaN,,NaN
2025-01-29 21:35:00,1.85,NaN,,NaN
2025-01-29 21:35:15,1.67,NaN,,NaN
2025-01-29 21:35:30,1.34,NaN,,NaN
2025-01-29 21:35:45,1.29,NaN,,NaN
2025-01-29 21:36:00,1.65,NaN,,NaN
2025-01-29 21:36:15,NaN,NaN,,NaN
2025-01-29 21:36:30,NaN,NaN,,NaN
2025-01-29 21:36:45,NaN,NaN,,NaN
2025-01-29 21:37:00,NaN,NaN,,NaN
2025-01-29 21:37:15,1.97,NaN,,NaN
2025-01-29 21:37:30,3.49,NaN,,NaN
2025-01-29 21:37:45,2.27,NaN,,NaN
2025-01-29 21:38:00,3.37,NaN,,NaN
2025-01-29 21:38:15,3.11,NaN,,NaN
2025-01-29 21:38:30,3.32,NaN,,NaN
2025-01-29 21:38:45,3.31,NaN,,NaN
2025-01-29 21:39:00,3.26,NaN,,NaN
2025-01-29 21:39:15,2.61,NaN,,NaN
2025-01-29 21:39:30,3.75,NaN,,NaN
2025-01-29 21:39:45,2.91,NaN,,NaN
2025-01-29 21:40:00,2.84,NaN,,NaN
2025-01-29 21:40:15,NaN,NaN,,NaN
2025-01-29 21:40:30,NaN,NaN,,NaN
2025-01-29 21:40:45,NaN,NaN,,NaN
2025-01-29 21:41:00,NaN,NaN,,NaN
2025-01-29 21:41:15,3.90,NaN,,NaN
2025-01-29 21:41:30,3.54,NaN,,NaN
2025-01-29 21:41:45,4.51,NaN,,NaN
2025-01-29 21:42:00,4.90,NaN,,NaN
2025-01-29 21:42:15,4.38,NaN,,NaN
2025-01-29 21:42:30,4.21,NaN,,NaN
2025-01-29 21:42:45,4.35,NaN,,NaN
2025-01-29 21:43:00,4.62,NaN,,NaN
2025-01-29 21:43:15,7.24,NaN,,NaN
2025-01-29 21:43:30,6.21,NaN,,NaN
2025-01-29 21:43:45,8.08,30.0,,NaN
2025-01-29 21:44:00,5.16,NaN,,NaN
2025-01-29 21:44:15,NaN,30.0,,NaN
2025-01-29 21:44:30,NaN,NaN,,NaN
2025-01-29 21:44:45,NaN,NaN,,NaN
2025-01-29 21:45:00,NaN,NaN,,NaN
2025-01-29 21:45:15,4.36,NaN,,NaN
2025-01-29 21:45:30,4.85,NaN,,NaN
2025-01-29 21:45:45,6.40,NaN,,NaN
2025-01-29 21:46:00,3.41,NaN,,NaN
2025-01-29 21:46:15,6.08,NaN,,NaN
2025-01-29 21:46:30,3.61,NaN,,NaN
2025-01-29 21:46:45,7.67,NaN,,NaN
2025-01-29 21:47:00,2.74,NaN,,NaN
2025-01-29 21:47:15,8.99,30.0,,NaN
2025-01-29 21:47:30,4.36,30.0,,NaN
2025-01-29 21:47:45,5.07,30.0,,NaN
2025-01-29 21:48:00,6.86,NaN,,NaN
2025-01-29 21:48:15,NaN,NaN,,NaN
2025-01-29 21:48:30,NaN,NaN,,NaN
2025-01-29 21:48:45,NaN,NaN,,NaN
2025-01-29 21:49:00,NaN,NaN,,NaN
2025-01-29 21:49:15,5.34,NaN,,NaN
2025-01-29 21:49:30,9.78,NaN,,NaN
2025-01-29 21:49:45,6.53,NaN,,NaN
2025-01-29 21:50:00,8.16,NaN,,NaN
2025-01-29 21:50:15,7.11,NaN,,NaN
2025-01-29 21:50:30,6.64,NaN,,NaN
2025-01-29 21:50:45,7.61,NaN,,NaN
2025-01-29 21:51:00,6.99,NaN,,NaN
2025-01-29 21:51:15,5.79,NaN,,NaN
2025-01-29 21:51:30,7.19,NaN,,NaN
2025-01-29 21:51:45,6.25,NaN,,NaN
2025-01-29 21:52:00,5.37,NaN,,NaN
2025-01-29 21:52:15,NaN,NaN,,NaN
2025-01-29 21:52:30,NaN,NaN,,NaN
2025-01-29 21:52:45,NaN,NaN,,NaN
2025-01-29 21:53:00,NaN,NaN,,NaN
2025-01-29 21:53:15,3.04,NaN,,NaN
2025-01-29 21:53:30,6.55,NaN,,NaN
2025-01-29 21:53:45,4.95,NaN,,NaN
2025-01-29 21:54:00,8.88,NaN,,NaN
2025-01-29 21:54:15,4.91,NaN,,NaN
2025-01-29 21:54:30,5.69,NaN,,NaN
2025-01-29 21:54:45,5.89,NaN,,NaN
2025-01-29 21:55:00,6.22,NaN,,NaN
2025-01-29 21:55:15,6.66,NaN,,NaN
2025-01-29 21:55:30,5.18,NaN,,NaN
2025-01-29 21:55:45,6.11,NaN,,NaN
2025-01-29 21:56:00,6.13,NaN,,NaN
2025-01-29 21:56:15,NaN,NaN,,NaN
2025-01-29 21:56:30,NaN,NaN,,NaN
2025-01-29 21:56:45,NaN,NaN,,NaN
2025-01-29 21:57:00,NaN,NaN,,NaN
2025-01-29 21:57:15,0.607,NaN,,NaN
2025-01-29 21:57:30,0.583,NaN,,NaN
2025-01-29 21:57:45,0.388,NaN,,NaN
2025-01-29 21:58:00,0.370,NaN,,NaN
2025-01-29 21:58:15,0.346,NaN,,NaN
2025-01-29 21:58:30,0.304,NaN,,NaN
2025-01-29 21:58:45,0.268,NaN,,NaN
2025-01-29 21:59:00,0.262,NaN,,NaN
2025-01-29 21:59:15,0.217,NaN,,NaN
2025-01-29 21:59:30,0.207,NaN,,NaN
2025-01-29 21:59:45,0.204,NaN,,NaN
2025-01-29 22:00:00,0.176,NaN,,NaN
2025-01-29 22:00:15,NaN,NaN,,NaN
2025-01-29 22:00:30,NaN,NaN,,NaN
2025-01-29 22:00:45,NaN,NaN,,NaN
2025-01-29 22:01:00,NaN,NaN,,NaN
2025-01-29 22:01:15,0.422,NaN,,NaN
2025-01-29 22:01:30,0.419,NaN,,NaN
2025-01-29 22:01:45,0.409,NaN,,NaN
2025-01-29 22:02:00,0.393,NaN,,NaN
2025-01-29 22:02:15,0.385,NaN,,NaN
2025-01-29 22:02:30,0.393,NaN,,NaN
2025-01-29 22:02:45,0.388,NaN,,NaN
2025-01-29 22:03:00,0.369,NaN,,NaN
2025-01-29 22:03:15,0.323,NaN,,NaN
2025-01-29 22:03:30,0.331,NaN,,NaN
2025-01-29 22:03:45,0.333,NaN,,NaN
2025-01-29 22:04:00,0.291,NaN,,NaN
2025-01-29 22:04:15,NaN,NaN,,NaN
2025-01-29 22:04:30,NaN,NaN,,NaN
2025-01-29 22:04:45,NaN,NaN,,NaN
2025-01-29 22:05:00,NaN,NaN,,NaN
2025-01-29 22:05:15,1.92,NaN,,NaN
2025-01-29 22:05:30,2.00,NaN,,NaN
2025-01-29 22:05:45,1.41,NaN,,NaN
2025-01-29 22:06:00,0.962,NaN,,NaN
2025-01-29 22:06:15,0.929,NaN,,NaN
2025-01-29 22:06:30,0.582,NaN,,NaN
2025-01-29 22:06:45,1.02,NaN,,NaN
2025-01-29 22:07:00,0.859,NaN,,NaN
2025-01-29 22:07:15,0.549,NaN,,NaN
2025-01-29 22:07:30,0.587,NaN,,NaN
2025-01-29 22:07:45,0.641,NaN,,NaN
2025-01-29 22:08:00,0.504,NaN,,NaN
2025-01-29 22:08:15,NaN,NaN,,NaN
2025-01-29 22:08:30,NaN,NaN,,NaN
2025-01-29 22:08:45,NaN,NaN,,NaN
2025-01-29 22:09:00,NaN,NaN,,NaN
2025-01-29 22:09:15,1.47,NaN,,NaN
2025-01-29 22:09:30,1.26,NaN,,NaN
2025-01-29 22:09:45,1.27,NaN,,NaN
2025-01-29 22:10:00,1.50,NaN,,NaN
2025-01-29 22:10:15,1.39,NaN,,NaN
2025-01-29 22:10:30,1.30,NaN,,NaN
2025-01-29 22:10:45,1.18,NaN,,NaN
2025-01-29 22:11:00,1.07,NaN,,NaN
2025-01-29 22:11:15,1.09,NaN,,NaN
2025-01-29 22:11:30,1.25,NaN,,NaN
2025-01-29 22:11:45,1.41,NaN,,NaN
2025-01-29 22:12:00,1.39,NaN,,NaN
2025-01-29 22:12:15,NaN,NaN,,NaN
2025-01-29 22:12:30,NaN,NaN,,NaN
2025-01-29 22:12:45,NaN,NaN,,NaN
2025-01-29 22:13:00,NaN,NaN,,NaN
2025-01-29 22:13:15,2.62,NaN,,NaN
2025-01-29 22:13:30,4.13,NaN,,NaN
2025-01-29 22:13:45,2.78,NaN,,NaN
2025-01-29 22:14:00,3.64,NaN,,NaN
2025-01-29 22:14:15,1.68,NaN,,NaN
2025-01-29 22:14:30,1.64,NaN,,NaN
2025-01-29 22:14:45,1.54,NaN,,NaN
2025-01-29 22:15:00,1.51,NaN,,NaN
2025-01-29 22:15:15,2.35,NaN,,NaN
2025-01-29 22:15:30,1.07,NaN,,NaN
2025-01-29 22:15:45,1.27,NaN,,NaN
2025-01-29 22:16:00,1.22,NaN,,NaN
2025-01-29 22:16:15,NaN,NaN,,NaN
2025-01-29 22:16:30,NaN,NaN,,NaN
2025-01-29 22:16:45,NaN,NaN,,NaN
2025-01-29 22:17:00,NaN,NaN,,NaN
2025-01-29 22:17:15,2.29,NaN,,NaN
2025-01-29 22:17:30,3.42,NaN,,NaN
2025-01-29 22:17:45,2.79,NaN,,NaN
2025-01-29 22:18:00,2.92,NaN,,NaN
2025-01-29 22:18:15,2.72,NaN,,NaN
2025-01-29 22:18:30,3.08,NaN,,NaN
2025-01-29 22:18:45,3.10,NaN,,NaN
2025-01-29 22:19:00,2.51,NaN,,NaN
2025-01-29 22:19:15,3.15,NaN,,NaN
2025-01-29 22:19:30,2.87,NaN,,NaN
2025-01-29 22:19:45,3.10,NaN,,NaN
2025-01-29 22:20:00,3.11,NaN,,NaN
2025-01-29 22:20:15,NaN,NaN,,NaN
2025-01-29 22:20:30,NaN,NaN,,NaN
2025-01-29 22:20:45,NaN,NaN,,NaN
2025-01-29 22:21:00,NaN,NaN,,NaN
2025-01-29 22:21:15,2.62,NaN,,NaN
2025-01-29 22:21:30,3.36,NaN,,NaN
2025-01-29 22:21:45,4.05,NaN,,NaN
2025-01-29 22:22:00,3.85,NaN,,NaN
2025-01-29 22:22:15,3.68,NaN,,NaN
2025-01-29 22:22:30,3.78,NaN,,NaN
2025-01-29 22:22:45,3.97,NaN,,NaN
2025-01-29 22:23:00,4.07,NaN,,NaN
2025-01-29 22:23:15,3.89,NaN,,NaN
2025-01-29 22:23:30,3.62,NaN,,NaN
2025-01-29 22:23:45,4.27,NaN,,NaN
2025-01-29 22:24:00,4.00,NaN,,NaN
2025-01-29 22:24:15,NaN,NaN,,NaN
2025-01-29 22:24:30,NaN,NaN,,NaN
2025-01-29 22:24:45,NaN,NaN,,NaN
2025-01-29 22:25:00,NaN,NaN,,NaN
2025-01-29 22:25:15,3.10,NaN,,NaN
2025-01-29 22:25:30,3.73,NaN,,NaN
2025-01-29 22:25:45,2.59,NaN,,NaN
2025-01-29 22:26:00,2.58,30.0,,NaN
2025-01-29 22:26:15,2.52,30.0,,NaN
2025-01-29 22:26:30,2.20,30.0,,NaN
2025-01-29 22:26:45,2.21,30.0,,NaN
2025-01-29 22:27:00,2.14,30.0,,NaN
2025-01-29 22:27:15,1.98,30.0,,NaN
2025-01-29 22:27:30,1.95,30.0,,NaN
2025-01-29 22:27:45,1.74,30.0,,NaN
2025-01-29 22:28:00,1.63,30.0,,NaN
2025-01-29 22:28:15,NaN,NaN,,NaN
2025-01-29 22:28:30,NaN,NaN,,NaN
2025-01-29 22:28:45,NaN,NaN,,NaN
2025-01-29 22:29:00,NaN,NaN,,NaN
2025-01-29 22:29:15,0.616,NaN,,NaN
2025-01-29 22:29:30,0.600,NaN,,NaN
2025-01-29 22:29:45,0.417,NaN,,NaN
2025-01-29 22:30:00,0.343,NaN,,NaN
2025-01-29 22:30:15,0.343,NaN,,NaN
2025-01-29 22:30:30,0.288,NaN,,NaN
2025-01-29 22:30:45,0.260,NaN,,NaN
2025-01-29 22:31:00,0.250,NaN,,NaN
2025-01-29 22:31:15,0.200,NaN,,NaN
2025-01-29 22:31:30,0.200,NaN,,NaN
2025-01-29 22:31:45,0.195,NaN,,NaN
2025-01-29 22:32:00,0.190,NaN,,NaN
2025-01-29 22:32:15,NaN,NaN,,NaN
2025-01-29 22:32:30,NaN,NaN,,NaN
2025-01-29 22:32:45,NaN,NaN,,NaN
2025-01-29 22:33:00,NaN,NaN,,NaN
2025-01-29 22:33:15,0.419,NaN,,NaN
2025-01-29 22:33:30,0.424,NaN,,NaN
2025-01-29 22:33:45,0.363,NaN,,NaN
2025-01-29 22:34:00,0.335,NaN,,NaN
2025-01-29 22:34:15,0.350,NaN,,NaN
2025-01-29 22:34:30,0.403,NaN,,NaN
2025-01-29 22:34:45,0.357,NaN,,NaN
2025-01-29 22:35:00,0.372,NaN,,NaN
2025-01-29 22:35:15,0.357,NaN,,NaN
2025-01-29 22:35:30,0.322,NaN,,NaN
2025-01-29 22:35:45,0.317,NaN,,NaN
2025-01-29 22:36:00,0.324,NaN,,NaN
2025-01-29 22:36:15,NaN,NaN,,NaN
2025-01-29 22:36:30,NaN,NaN,,NaN
2025-01-29 22:36:45,NaN,NaN,,NaN
2025-01-29 22:37:00,NaN,NaN,,NaN
2025-01-29 22:37:15,1.71,NaN,,NaN
2025-01-29 22:37:30,1.74,NaN,,NaN
2025-01-29 22:37:45,1.32,NaN,,NaN
2025-01-29 22:38:00,0.957,NaN,,NaN
2025-01-29 22:38:15,1.05,NaN,,NaN
2025-01-29 22:38:30,0.731,NaN,,NaN
2025-01-29 22:38:45,0.792,NaN,,NaN
2025-01-29 22:39:00,0.636,NaN,,NaN
2025-01-29 22:39:15,0.622,NaN,,NaN
2025-01-29 22:39:30,0.582,NaN,,NaN
2025-01-29 22:39:45,0.700,NaN,,NaN
2025-01-29 22:40:00,0.514,NaN,,NaN
2025-01-29 22:40:15,NaN,NaN,,NaN
2025-01-29 22:40:30,NaN,NaN,,NaN
2025-01-29 22:40:45,NaN,NaN,,NaN
2025-01-29 22:41:00,NaN,NaN,,NaN
2025-01-29 22:41:15,1.46,NaN,,NaN
2025-01-29 22:41:30,1.30,NaN,,NaN
2025-01-29 22:41:45,1.22,NaN,,NaN
2025-01-29 22:42:00,1.33,NaN,,NaN
2025-01-29 22:42:15,1.47,NaN,,NaN
2025-01-29 22:42:30,1.31,NaN,,NaN
2025-01-29 22:42:45,1.48,NaN,,NaN
2025-01-29 22:43:00,1.45,NaN,,NaN
2025-01-29 22:43:15,1.37,NaN,,NaN
2025-01-29 22:43:30,1.43,NaN,,NaN
2025-01-29 22:43:45,1.47,NaN,,NaN
2025-01-29 22:44:00,1.22,NaN,,NaN
2025-01-29 22:44:15,NaN,NaN,,NaN
2025-01-29 22:44:30,NaN,NaN,,NaN
2025-01-29 22:44:45,NaN,NaN,,NaN
2025-01-29 22:45:00,NaN,NaN,,NaN
2025-01-29 22:45:15,2.54,NaN,,NaN
2025-01-29 22:45:30,3.35,NaN,,NaN
2025-01-29 22:45:45,2.95,NaN,,NaN
2025-01-29 22:46:00,3.54,NaN,,NaN
2025-01-29 22:46:15,1.46,NaN,,NaN
2025-01-29 22:46:30,1.54,NaN,,NaN
2025-01-29 22:46:45,2.01,NaN,,NaN
2025-01-29 22:47:00,1.53,NaN,,NaN
2025-01-29 22:47:15,1.78,NaN,,NaN
2025-01-29 22:47:30,1.23,NaN,,NaN
2025-01-29 22:47:45,1.31,NaN,,NaN
2025-01-29 22:48:00,1.58,NaN,,NaN
2025-01-29 22:48:15,NaN,NaN,,NaN
2025-01-29 22:48:30,NaN,NaN,,NaN
2025-01-29 22:48:45,NaN,NaN,,NaN
2025-01-29 22:49:00,NaN,NaN,,NaN
2025-01-29 22:49:15,2.31,NaN,,NaN
2025-01-29 22:49:30,3.28,NaN,,NaN
2025-01-29 22:49:45,2.65,NaN,,NaN
2025-01-29 22:50:00,3.43,NaN,,NaN
2025-01-29 22:50:15,2.53,NaN,,NaN
2025-01-29 22:50:30,2.69,NaN,,NaN
2025-01-29 22:50:45,3.06,NaN,,NaN
2025-01-29 22:51:00,2.59,NaN,,NaN
2025-01-29 22:51:15,2.52,NaN,,NaN
2025-01-29 22:51:30,3.02,NaN,,NaN
2025-01-29 22:51:45,2.59,NaN,,NaN
2025-01-29 22:52:00,2.90,NaN,,NaN
2025-01-29 22:52:15,NaN,NaN,,NaN
2025-01-29 22:52:30,NaN,NaN,,NaN
2025-01-29 22:52:45,NaN,NaN,,NaN
2025-01-29 22:53:00,NaN,NaN,,NaN
2025-01-29 22:53:15,2.52,NaN,,NaN
2025-01-29 22:53:30,3.33,NaN,,NaN
2025-01-29 22:53:45,4.06,NaN,,NaN
2025-01-29 22:54:00,3.77,NaN,,NaN
2025-01-29 22:54:15,3.80,NaN,,NaN
2025-01-29 22:54:30,3.56,NaN,,NaN
2025-01-29 22:54:45,3.99,NaN,,NaN
2025-01-29 22:55:00,3.62,NaN,,NaN
2025-01-29 22:55:15,3.55,NaN,,NaN
2025-01-29 22:55:30,3.64,NaN,,NaN
2025-01-29 22:55:45,3.81,NaN,,NaN
2025-01-29 22:56:00,3.73,NaN,,NaN
2025-01-29 22:56:15,NaN,NaN,,NaN
2025-01-29 22:56:30,NaN,NaN,,NaN
2025-01-29 22:56:45,NaN,NaN,,NaN
2025-01-29 22:57:00,NaN,NaN,,NaN
2025-01-29 22:57:15,2.60,NaN,,NaN
2025-01-29 22:57:30,4.51,NaN,,NaN
2025-01-29 22:57:45,2.65,NaN,,NaN
2025-01-29 22:58:00,2.74,30.0,,NaN
2025-01-29 22:58:15,2.98,NaN,,NaN
2025-01-29 22:58:30,2.94,NaN,,NaN
2025-01-29 22:58:45,2.31,NaN,,NaN
2025-01-29 22:59:00,2.19,NaN,,NaN
2025-01-29 22:59:15,2.42,NaN,,NaN
2025-01-29 22:59:30,2.20,NaN,,NaN
2025-01-29 22:59:45,2.23,NaN,,NaN
2025-01-29 23:00:00,2.09,NaN,,NaN
2025-01-29 23:00:15,NaN,NaN,,NaN
2025-01-29 23:00:30,NaN,NaN,,NaN
2025-01-29 23:00:45,NaN,NaN,,NaN
2025-01-29 23:01:00,NaN,NaN,,NaN
2025-01-29 23:01:15,3.94,NaN,,NaN
2025-01-29 23:01:30,7.61,NaN,,NaN
2025-01-29 23:01:45,4.39,NaN,,NaN
2025-01-29 23:02:00,4.65,NaN,,NaN
2025-01-29 23:02:15,4.95,NaN,,NaN
2025-01-29 23:02:30,3.83,NaN,,NaN
2025-01-29 23:02:45,4.97,NaN,,NaN
2025-01-29 23:03:00,5.08,NaN,,NaN
2025-01-29 23:03:15,6.80,NaN,,NaN
2025-01-29 23:03:30,6.18,NaN,,NaN
2025-01-29 23:03:45,7.56,30.0,,NaN
2025-01-29 23:04:00,7.43,30.0,,NaN
2025-01-29 23:04:15,NaN,30.0,,NaN
2025-01-29 23:04:30,NaN,NaN,,NaN
2025-01-29 23:04:45,NaN,NaN,,NaN
2025-01-29 23:05:00,NaN,NaN,,NaN
2025-01-29 23:05:15,5.24,NaN,,NaN
2025-01-29 23:05:30,4.71,NaN,,NaN
2025-01-29 23:05:45,5.42,NaN,,NaN
2025-01-29 23:06:00,3.58,NaN,,NaN
2025-01-29 23:06:15,5.68,NaN,,NaN
2025-01-29 23:06:30,3.25,NaN,,NaN
2025-01-29 23:06:45,7.92,NaN,,NaN
2025-01-29 23:07:00,3.42,NaN,,NaN
2025-01-29 23:07:15,8.98,30.0,,NaN
2025-01-29 23:07:30,6.46,NaN,,30.0
2025-01-29 23:07:45,7.72,30.0,,NaN
2025-01-29 23:08:00,7.51,NaN,,NaN
2025-01-29 23:08:15,NaN,NaN,,NaN
2025-01-29 23:08:30,NaN,NaN,,NaN
2025-01-29 23:08:45,NaN,NaN,,NaN
2025-01-29 23:09:00,NaN,NaN,,NaN
2025-01-29 23:09:15,4.57,NaN,,NaN
2025-01-29 23:09:30,4.80,NaN,,NaN
2025-01-29 23:09:45,6.29,NaN,,NaN
2025-01-29 23:10:00,5.47,NaN,,NaN
2025-01-29 23:10:15,8.66,NaN,,NaN
2025-01-29 23:10:30,5.61,NaN,,NaN
2025-01-29 23:10:45,6.60,NaN,,NaN
2025-01-29 23:11:00,6.36,NaN,,NaN
2025-01-29 23:11:15,6.54,NaN,,NaN
2025-01-29 23:11:30,6.40,NaN,,NaN
2025-01-29 23:11:45,8.10,NaN,,NaN
2025-01-29 23:12:00,7.14,NaN,,NaN
2025-01-29 23:12:15,NaN,NaN,,NaN
2025-01-29 23:12:30,NaN,NaN,,NaN
2025-01-29 23:12:45,NaN,NaN,,NaN
2025-01-29 23:13:00,NaN,NaN,,NaN
2025-01-29 23:13:15,3.76,NaN,,NaN
2025-01-29 23:13:30,8.80,NaN,,NaN
2025-01-29 23:13:45,4.55,NaN,,NaN
2025-01-29 23:14:00,5.13,NaN,,NaN
2025-01-29 23:14:15,6.08,NaN,,NaN
2025-01-29 23:14:30,5.96,NaN,,NaN
2025-01-29 23:14:45,6.58,NaN,,NaN
2025-01-29 23:15:00,4.81,NaN,,NaN
2025-01-29 23:15:15,6.27,NaN,,NaN
2025-01-29 23:15:30,5.53,NaN,,NaN
2025-01-29 23:15:45,7.45,NaN,,NaN
2025-01-29 23:16:00,6.00,NaN,,NaN
2025-01-29 23:16:15,NaN,NaN,,NaN
2025-01-29 23:16:30,NaN,NaN,,NaN
2025-01-29 23:16:45,NaN,NaN,,NaN
2025-01-29 23:17:00,NaN,NaN,,NaN
2025-01-29 23:17:15,4.51,NaN,,NaN
2025-01-29 23:17:30,5.58,NaN,,NaN
2025-01-29 23:17:45,4.37,NaN,,NaN
2025-01-29 23:18:00,5.46,NaN,,NaN
2025-01-29 23:18:15,4.76,NaN,,NaN
2025-01-29 23:18:30,4.90,NaN,,NaN
2025-01-29 23:18:45,5.05,NaN,,NaN
2025-01-29 23:19:00,4.62,NaN,,NaN
2025-01-29 23:19:15,6.87,NaN,,NaN
2025-01-29 23:19:30,6.51,NaN,,NaN
2025-01-29 23:19:45,7.76,30.0,,NaN
2025-01-29 23:20:00,7.91,30.0,,NaN
2025-01-29 23:20:15,NaN,NaN,,NaN
2025-01-29 23:20:30,NaN,NaN,,NaN
2025-01-29 23:20:45,NaN,NaN,,NaN
2025-01-29 23:21:00,NaN,NaN,,NaN
2025-01-29 23:21:15,4.48,NaN,,NaN
2025-01-29 23:21:30,4.77,NaN,,NaN
2025-01-29 23:21:45,7.47,NaN,,NaN
2025-01-29 23:22:00,3.44,NaN,,NaN
2025-01-29 23:22:15,9.18,NaN,,NaN
2025-01-29 23:22:30,3.64,NaN,,NaN
2025-01-29 23:22:45,7.99,NaN,,NaN
2025-01-29 23:23:00,2.89,NaN,,NaN
2025-01-29 23:23:15,8.60,30.0,,NaN
2025-01-29 23:23:30,6.39,NaN,,NaN
2025-01-29 23:23:45,6.51,30.0,,NaN
2025-01-29 23:24:00,5.65,NaN,,NaN
2025-01-29 23:24:15,NaN,NaN,,NaN
2025-01-29 23:24:30,NaN,NaN,,NaN
2025-01-29 23:24:45,NaN,NaN,,NaN
2025-01-29 23:25:00,NaN,NaN,,NaN
2025-01-29 23:25:15,4.48,NaN,,NaN
2025-01-29 23:25:30,7.21,NaN,,NaN
2025-01-29 23:25:45,6.90,NaN,,NaN
2025-01-29 23:26:00,7.68,NaN,,NaN
2025-01-29 23:26:15,8.09,NaN,,NaN
2025-01-29 23:26:30,6.97,NaN,,NaN
2025-01-29 23:26:45,6.89,NaN,,NaN
2025-01-29 23:27:00,8.25,NaN,,NaN
2025-01-29 23:27:15,5.37,NaN,,NaN
2025-01-29 23:27:30,5.71,NaN,,NaN
2025-01-29 23:27:45,7.76,NaN,,NaN
2025-01-29 23:28:00,7.15,NaN,,NaN
2025-01-29 23:28:15,NaN,NaN,,NaN
2025-01-29 23:28:30,NaN,NaN,,NaN
2025-01-29 23:28:45,NaN,NaN,,NaN
2025-01-29 23:29:00,NaN,NaN,,NaN
2025-01-29 23:29:15,4.90,NaN,,NaN
2025-01-29 23:29:30,5.61,NaN,,NaN
2025-01-29 23:29:45,4.04,NaN,,NaN
2025-01-29 23:30:00,8.09,NaN,,NaN
2025-01-29 23:30:15,7.45,NaN,,NaN
2025-01-29 23:30:30,5.65,NaN,,NaN
2025-01-29 23:30:45,6.57,NaN,,NaN
2025-01-29 23:31:00,5.79,NaN,,NaN
2025-01-29 23:31:15,5.60,NaN,,NaN
2025-01-29 23:31:30,5.42,NaN,,NaN
2025-01-29 23:31:45,6.99,NaN,,NaN
2025-01-29 23:32:00,5.65,NaN,,NaN
2025-01-29 23:32:15,NaN,NaN,,NaN
2025-01-29 23:32:30,NaN,NaN,,NaN
2025-01-29 23:32:45,NaN,NaN,,NaN
2025-01-29 23:33:00,NaN,NaN,,NaN
2025-01-29 23:33:15,0.593,NaN,,NaN
2025-01-29 23:33:30,0.610,NaN,,NaN
2025-01-29 23:33:45,0.419,NaN,,NaN
2025-01-29 23:34:00,0.359,NaN,,NaN
2025-01-29 23:34:15,0.340,NaN,,NaN
2025-01-29 23:34:30,0.280,NaN,,NaN
2025-01-29 23:34:45,0.262,NaN,,NaN
2025-01-29 23:35:00,0.281,NaN,,NaN
2025-01-29 23:35:15,0.203,NaN,,NaN
2025-01-29 23:35:30,0.210,NaN,,NaN
2025-01-29 23:35:45,0.208,NaN,,NaN
2025-01-29 23:36:00,0.169,NaN,,NaN
2025-01-29 23:36:15,NaN,NaN,,NaN
2025-01-29 23:36:30,NaN,NaN,,NaN
2025-01-29 23:36:45,NaN,NaN,,NaN
2025-01-29 23:37:00,NaN,NaN,,NaN
2025-01-29 23:37:15,0.418,NaN,,NaN
2025-01-29 23:37:30,0.413,NaN,,NaN
2025-01-29 23:37:45,0.354,NaN,,NaN
2025-01-29 23:38:00,0.394,NaN,,NaN
2025-01-29 23:38:15,0.371,NaN,,NaN
2025-01-29 23:38:30,0.350,NaN,,NaN
2025-01-29 23:38:45,0.317,NaN,,NaN
2025-01-29 23:39:00,0.374,NaN,,NaN
2025-01-29 23:39:15,0.311,NaN,,NaN
2025-01-29 23:39:30,0.360,NaN,,NaN
2025-01-29 23:39:45,0.344,NaN,,NaN
2025-01-29 23:40:00,0.334,NaN,,NaN
2025-01-29 23:40:15,NaN,NaN,,NaN
2025-01-29 23:40:30,NaN,NaN,,NaN
2025-01-29 23:40:45,NaN,NaN,,NaN
2025-01-29 23:41:00,NaN,NaN,,NaN
2025-01-29 23:41:15,1.62,NaN,,NaN
2025-01-29 23:41:30,1.63,NaN,,NaN
2025-01-29 23:41:45,1.46,NaN,,NaN
2025-01-29 23:42:00,0.885,NaN,,NaN
2025-01-29 23:42:15,0.894,NaN,,NaN
2025-01-29 23:42:30,0.810,NaN,,NaN
2025-01-29 23:42:45,0.603,NaN,,NaN
2025-01-29 23:43:00,0.774,NaN,,NaN
2025-01-29 23:43:15,0.615,NaN,,NaN
2025-01-29 23:43:30,0.567,NaN,,NaN
2025-01-29 23:43:45,0.591,NaN,,NaN
2025-01-29 23:44:00,0.453,NaN,,NaN
2025-01-29 23:44:15,NaN,NaN,,NaN
2025-01-29 23:44:30,NaN,NaN,,NaN
2025-01-29 23:44:45,NaN,NaN,,NaN
2025-01-29 23:45:00,NaN,NaN,,NaN
2025-01-29 23:45:15,1.61,NaN,,NaN
2025-01-29 23:45:30,1.26,NaN,,NaN
2025-01-29 23:45:45,1.27,NaN,,NaN
2025-01-29 23:46:00,1.38,NaN,,NaN
2025-01-29 23:46:15,1.31,NaN,,NaN
2025-01-29 23:46:30,1.44,NaN,,NaN
2025-01-29 23:46:45,1.25,NaN,,NaN
2025-01-29 23:47:00,1.30,NaN,,NaN
2025-01-29 23:47:15,1.13,NaN,,NaN
2025-01-29 23:47:30,1.24,NaN,,NaN
2025-01-29 23:47:45,1.27,NaN,,NaN
2025-01-29 23:48:00,1.31,NaN,,NaN
2025-01-29 23:48:15,NaN,NaN,,NaN
2025-01-29 23:48:30,NaN,NaN,,NaN
2025-01-29 23:48:45,NaN,NaN,,NaN
2025-01-29 23:49:00,NaN,NaN,,NaN
2025-01-29 23:49:15,2.23,NaN,,NaN
2025-01-29 23:49:30,4.05,NaN,,NaN
2025-01-29 23:49:45,3.13,NaN,,NaN
2025-01-29 23:50:00,2.92,NaN,,NaN
2025-01-29 23:50:15,1.50,NaN,,NaN
2025-01-29 23:50:30,1.94,NaN,,NaN
2025-01-29 23:50:45,1.77,NaN,,NaN
2025-01-29 23:51:00,1.79,NaN,,NaN
2025-01-29 23:51:15,1.11,NaN,,NaN
2025-01-29 23:51:30,1.27,NaN,,NaN
2025-01-29 23:51:45,1.11,NaN,,NaN
2025-01-29 23:52:00,0.838,NaN,,NaN
2025-01-29 23:52:15,NaN,NaN,,NaN
2025-01-29 23:52:30,NaN,NaN,,NaN
2025-01-29 23:52:45,NaN,NaN,,NaN
2025-01-29 23:53:00,NaN,NaN,,NaN
2025-01-29 23:53:15,2.04,NaN,,NaN
2025-01-29 23:53:30,3.32,NaN,,NaN
2025-01-29 23:53:45,2.51,NaN,,NaN
2025-01-29 23:54:00,3.35,NaN,,NaN
2025-01-29 23:54:15,2.64,NaN,,NaN
2025-01-29 23:54:30,2.62,NaN,,NaN
2025-01-29 23:54:45,2.71,NaN,,NaN
2025-01-29 23:55:00,2.66,NaN,,NaN
2025-01-29 23:55:15,2.73,NaN,,NaN
2025-01-29 23:55:30,3.20,NaN,,NaN
2025-01-29 23:55:45,3.28,NaN,,NaN
2025-01-29 23:56:00,2.81,NaN,,NaN
2025-01-29 23:56:15,NaN,NaN,,NaN
2025-01-29 23:56:30,NaN,NaN,,NaN
2025-01-29 23:56:45,NaN,NaN,,NaN
2025-01-29 23:57:00,NaN,NaN,,NaN
2025-01-29 23:57:15,3.10,NaN,,NaN
2025-01-29 23:57:30,4.75,NaN,,NaN
2025-01-29 23:57:45,3.96,NaN,,NaN
2025-01-29 23:58:00,3.66,NaN,,NaN
2025-01-29 23:58:15,3.48,NaN,,NaN
2025-01-29 23:58:30,3.94,NaN,,NaN
2025-01-29 23:58:45,4.20,NaN,,NaN
2025-01-29 23:59:00,3.71,NaN,,NaN
2025-01-29 23:59:15,3.40,NaN,,NaN
2025-01-29 23:59:30,3.67,NaN,,NaN
2025-01-29 23:59:45,3.95,NaN,,NaN
2025-01-30 00:00:00,3.71,NaN,,NaN
2025-01-30 00:00:15,NaN,NaN,,NaN
2025-01-30 00:00:30,NaN,NaN,,NaN
2025-01-30 00:00:45,NaN,NaN,,NaN
2025-01-30 00:01:00,NaN,NaN,,NaN
2025-01-30 00:01:15,2.87,NaN,,NaN
2025-01-30 00:01:30,4.01,NaN,,NaN
2025-01-30 00:01:45,2.65,NaN,,NaN
2025-01-30 00:02:00,2.79,NaN,,NaN
2025-01-30 00:02:15,3.01,NaN,,NaN
2025-01-30 00:02:30,NaN,NaN,NaN,NaN
2025-01-30 00:02:45,3.54,NaN,NaN,NaN
2025-01-30 00:03:00,3.56,30.0,NaN,NaN
2025-01-30 00:03:15,2.76,NaN,NaN,NaN
2025-01-30 00:03:30,3.11,30.0,NaN,NaN
2025-01-30 00:03:45,2.59,NaN,NaN,NaN
2025-01-30 00:04:00,2.81,30.0,NaN,NaN
2025-01-30 00:04:15,NaN,NaN,NaN,NaN
2025-01-30 00:04:30,NaN,NaN,NaN,NaN
2025-01-30 00:04:45,NaN,NaN,NaN,NaN
2025-01-30 00:05:00,NaN,NaN,NaN,NaN
2025-01-30 00:05:15,2.46,NaN,NaN,NaN
2025-01-30 00:05:30,3.20,NaN,NaN,NaN
2025-01-30 00:05:45,2.90,NaN,NaN,NaN
2025-01-30 00:06:00,3.41,NaN,NaN,NaN
2025-01-30 00:06:15,1.63,NaN,NaN,NaN
2025-01-30 00:06:30,2.16,NaN,NaN,NaN
2025-01-30 00:06:45,1.63,NaN,NaN,NaN
2025-01-30 00:07:00,1.64,NaN,NaN,NaN
2025-01-30 00:07:15,1.27,NaN,NaN,NaN
2025-01-30 00:07:30,1.37,NaN,NaN,NaN
2025-01-30 00:07:45,1.12,NaN,NaN,NaN
2025-01-30 00:08:00,1.16,NaN,NaN,NaN
2025-01-30 00:08:15,NaN,NaN,NaN,NaN
2025-01-30 00:08:30,NaN,NaN,NaN,NaN
2025-01-30 00:08:45,NaN,NaN,NaN,NaN
2025-01-30 00:09:00,NaN,NaN,NaN,NaN
2025-01-30 00:09:15,1.99,NaN,NaN,NaN
2025-01-30 00:09:30,3.26,NaN,NaN,NaN
2025-01-30 00:09:45,2.44,NaN,NaN,NaN
2025-01-30 00:10:00,3.88,NaN,NaN,NaN
2025-01-30 00:10:15,2.69,NaN,NaN,NaN
2025-01-30 00:10:30,2.67,NaN,NaN,NaN
2025-01-30 00:10:45,2.90,NaN,NaN,NaN
2025-01-30 00:11:00,2.79,NaN,NaN,NaN
2025-01-30 00:11:15,2.59,NaN,NaN,NaN
2025-01-30 00:11:30,3.51,NaN,NaN,NaN
2025-01-30 00:11:45,2.61,NaN,NaN,NaN
2025-01-30 00:12:00,2.85,NaN,NaN,NaN
2025-01-30 00:12:15,NaN,NaN,NaN,NaN
2025-01-30 00:12:30,NaN,NaN,NaN,NaN
2025-01-30 00:12:45,NaN,NaN,NaN,NaN
2025-01-30 00:13:00,NaN,NaN,NaN,NaN
2025-01-30 00:13:15,3.23,NaN,NaN,NaN
2025-01-30 00:13:30,3.97,NaN,NaN,NaN
2025-01-30 00:13:45,0.943,NaN,NaN,NaN
2025-01-30 00:14:00,4.87,NaN,NaN,NaN
2025-01-30 00:14:15,3.40,NaN,NaN,NaN
2025-01-30 00:14:30,3.13,NaN,NaN,NaN
2025-01-30 00:14:45,3.07,NaN,NaN,NaN
2025-01-30 00:15:00,3.49,NaN,NaN,NaN
2025-01-30 00:15:15,3.65,NaN,NaN,NaN
2025-01-30 00:15:30,3.04,NaN,NaN,NaN
2025-01-30 00:15:45,3.43,NaN,NaN,NaN
2025-01-30 00:16:00,3.49,NaN,NaN,NaN
2025-01-30 00:16:15,NaN,NaN,NaN,NaN
2025-01-30 00:16:30,NaN,NaN,NaN,NaN
2025-01-30 00:16:45,NaN,NaN,NaN,NaN
2025-01-30 00:17:00,NaN,NaN,NaN,NaN
2025-01-30 00:17:15,2.47,NaN,NaN,NaN
2025-01-30 00:17:30,4.58,NaN,NaN,NaN
2025-01-30 00:17:45,3.60,NaN,NaN,NaN
2025-01-30 00:18:00,3.48,NaN,NaN,NaN
2025-01-30 00:18:15,3.01,NaN,NaN,NaN
2025-01-30 00:18:30,2.80,NaN,NaN,NaN
2025-01-30 00:18:45,2.67,NaN,NaN,NaN
2025-01-30 00:19:00,3.03,NaN,NaN,NaN
2025-01-30 00:19:15,3.11,NaN,NaN,NaN
2025-01-30 00:19:30,4.20,NaN,NaN,NaN
2025-01-30 00:19:45,3.81,NaN,NaN,NaN
2025-01-30 00:20:00,4.76,NaN,NaN,NaN
2025-01-30 00:20:15,NaN,NaN,NaN,NaN
2025-01-30 00:20:30,NaN,NaN,NaN,NaN
2025-01-30 00:20:45,NaN,NaN,NaN,NaN
2025-01-30 00:21:00,NaN,NaN,NaN,NaN
2025-01-30 00:21:15,3.07,NaN,NaN,NaN
2025-01-30 00:21:30,4.29,NaN,NaN,NaN
2025-01-30 00:21:45,5.30,NaN,NaN,NaN
2025-01-30 00:22:00,5.54,NaN,NaN,NaN
2025-01-30 00:22:15,5.25,NaN,NaN,NaN
2025-01-30 00:22:30,5.16,NaN,NaN,NaN
2025-01-30 00:22:45,6.22,NaN,NaN,NaN
2025-01-30 00:23:00,5.09,NaN,NaN,NaN
2025-01-30 00:23:15,7.66,NaN,NaN,NaN
2025-01-30 00:23:30,7.38,NaN,NaN,NaN
2025-01-30 00:23:45,7.88,30.0,NaN,NaN
2025-01-30 00:24:00,8.74,30.0,NaN,NaN
2025-01-30 00:24:15,NaN,NaN,NaN,NaN
2025-01-30 00:24:30,29.1,NaN,NaN,NaN
2025-01-30 00:24:45,NaN,NaN,NaN,NaN
2025-01-30 00:25:00,NaN,NaN,NaN,NaN
2025-01-30 00:25:15,6.24,NaN,NaN,NaN
2025-01-30 00:25:30,4.12,NaN,NaN,NaN
2025-01-30 00:25:45,8.07,NaN,NaN,NaN
2025-01-30 00:26:00,3.54,NaN,NaN,NaN
2025-01-30 00:26:15,7.14,NaN,NaN,NaN
2025-01-30 00:26:30,3.66,NaN,NaN,NaN
2025-01-30 00:26:45,5.57,NaN,NaN,NaN
2025-01-30 00:27:00,3.68,NaN,NaN,NaN
2025-01-30 00:27:15,6.53,NaN,NaN,NaN
2025-01-30 00:27:30,7.13,30.0,NaN,NaN
2025-01-30 00:27:45,5.97,30.0,NaN,NaN
2025-01-30 00:28:00,5.33,30.0,NaN,NaN
2025-01-30 00:28:15,19.6,NaN,NaN,NaN
2025-01-30 00:28:30,NaN,NaN,NaN,NaN
2025-01-30 00:28:45,NaN,NaN,NaN,NaN
2025-01-30 00:29:00,NaN,NaN,NaN,NaN
2025-01-30 00:29:15,3.73,NaN,NaN,NaN
2025-01-30 00:29:30,7.79,NaN,NaN,NaN
2025-01-30 00:29:45,5.65,NaN,NaN,NaN
2025-01-30 00:30:00,7.66,NaN,NaN,NaN
2025-01-30 00:30:15,6.68,NaN,NaN,NaN
2025-01-30 00:30:30,10.4,NaN,NaN,NaN
2025-01-30 00:30:45,7.49,NaN,NaN,NaN
2025-01-30 00:31:00,7.15,NaN,NaN,NaN
2025-01-30 00:31:15,6.07,NaN,NaN,NaN
2025-01-30 00:31:30,6.36,NaN,NaN,NaN
2025-01-30 00:31:45,7.97,NaN,NaN,NaN
2025-01-30 00:32:00,8.77,NaN,NaN,NaN
2025-01-30 00:32:15,NaN,NaN,NaN,NaN
2025-01-30 00:32:30,NaN,NaN,NaN,NaN
2025-01-30 00:32:45,NaN,NaN,NaN,NaN
2025-01-30 00:33:00,NaN,NaN,NaN,NaN
2025-01-30 00:33:15,4.18,NaN,NaN,NaN
2025-01-30 00:33:30,7.92,NaN,NaN,NaN
2025-01-30 00:33:45,5.21,NaN,NaN,NaN
2025-01-30 00:34:00,5.27,NaN,NaN,NaN
2025-01-30 00:34:15,5.77,NaN,NaN,NaN
2025-01-30 00:34:30,7.77,NaN,NaN,NaN
2025-01-30 00:34:45,5.92,NaN,NaN,NaN
2025-01-30 00:35:00,7.54,NaN,NaN,NaN
2025-01-30 00:35:15,6.01,NaN,NaN,NaN
2025-01-30 00:35:30,6.38,NaN,NaN,NaN
2025-01-30 00:35:45,6.30,NaN,NaN,NaN
2025-01-30 00:36:00,5.52,NaN,NaN,NaN
2025-01-30 00:36:15,NaN,NaN,NaN,NaN
2025-01-30 00:36:30,NaN,NaN,NaN,NaN
2025-01-30 00:36:45,NaN,NaN,NaN,NaN
2025-01-30 00:37:00,NaN,NaN,NaN,NaN
2025-01-30 00:37:15,0.639,NaN,NaN,NaN
2025-01-30 00:37:30,0.636,NaN,NaN,NaN
2025-01-30 00:37:45,0.489,NaN,NaN,NaN
2025-01-30 00:38:00,0.376,NaN,NaN,NaN
2025-01-30 00:38:15,0.396,NaN,NaN,NaN
2025-01-30 00:38:30,0.335,NaN,NaN,NaN
2025-01-30 00:38:45,0.269,NaN,NaN,NaN
2025-01-30 00:39:00,0.297,NaN,NaN,NaN
2025-01-30 00:39:15,0.222,NaN,NaN,NaN
2025-01-30 00:39:30,0.214,NaN,NaN,NaN
2025-01-30 00:39:45,0.231,NaN,NaN,NaN
2025-01-30 00:40:00,0.201,NaN,NaN,NaN
2025-01-30 00:40:15,NaN,NaN,NaN,NaN
2025-01-30 00:40:30,NaN,NaN,NaN,NaN
2025-01-30 00:40:45,NaN,NaN,NaN,NaN
2025-01-30 00:41:00,NaN,NaN,NaN,NaN
2025-01-30 00:41:15,0.458,NaN,NaN,NaN
2025-01-30 00:41:30,0.468,NaN,NaN,NaN
2025-01-30 00:41:45,0.380,NaN,NaN,NaN
2025-01-30 00:42:00,0.343,NaN,NaN,NaN
2025-01-30 00:42:15,0.390,NaN,NaN,NaN
2025-01-30 00:42:30,0.395,NaN,NaN,NaN
2025-01-30 00:42:45,0.389,NaN,NaN,NaN
2025-01-30 00:43:00,0.365,NaN,NaN,NaN
2025-01-30 00:43:15,0.311,NaN,NaN,NaN
2025-01-30 00:43:30,0.338,NaN,NaN,NaN
2025-01-30 00:43:45,0.345,NaN,NaN,NaN
2025-01-30 00:44:00,0.356,NaN,NaN,NaN
2025-01-30 00:44:15,NaN,NaN,NaN,NaN
2025-01-30 00:44:30,NaN,NaN,NaN,NaN
2025-01-30 00:44:45,NaN,NaN,NaN,NaN
2025-01-30 00:45:00,NaN,NaN,NaN,NaN
2025-01-30 00:45:15,1.68,NaN,NaN,NaN
2025-01-30 00:45:30,2.71,NaN,NaN,NaN
2025-01-30 00:45:45,1.62,NaN,NaN,NaN
2025-01-30 00:46:00,0.950,NaN,NaN,NaN
2025-01-30 00:46:15,1.20,NaN,NaN,NaN
2025-01-30 00:46:30,0.856,NaN,NaN,NaN
2025-01-30 00:46:45,0.831,NaN,NaN,NaN
2025-01-30 00:47:00,0.764,NaN,NaN,NaN
2025-01-30 00:47:15,0.589,NaN,NaN,NaN
2025-01-30 00:47:30,0.677,NaN,NaN,NaN
2025-01-30 00:47:45,0.706,NaN,NaN,NaN
2025-01-30 00:48:00,0.529,NaN,NaN,NaN
2025-01-30 00:48:15,NaN,NaN,NaN,NaN
2025-01-30 00:48:30,NaN,NaN,NaN,NaN
2025-01-30 00:48:45,NaN,NaN,NaN,NaN
2025-01-30 00:49:00,NaN,NaN,NaN,NaN
2025-01-30 00:49:15,1.44,NaN,NaN,NaN
2025-01-30 00:49:30,1.32,NaN,NaN,NaN
2025-01-30 00:49:45,1.33,NaN,NaN,NaN
2025-01-30 00:50:00,1.19,NaN,NaN,NaN
2025-01-30 00:50:15,1.20,NaN,NaN,NaN
2025-01-30 00:50:30,1.39,NaN,NaN,NaN
2025-01-30 00:50:45,1.25,NaN,NaN,NaN
2025-01-30 00:51:00,1.26,NaN,NaN,NaN
2025-01-30 00:51:15,1.29,NaN,NaN,NaN
2025-01-30 00:51:30,1.27,NaN,NaN,NaN
2025-01-30 00:51:45,1.22,NaN,NaN,NaN
2025-01-30 00:52:00,1.33,NaN,NaN,NaN
2025-01-30 00:52:15,NaN,NaN,NaN,NaN
2025-01-30 00:52:30,NaN,NaN,NaN,NaN
2025-01-30 00:52:45,NaN,NaN,NaN,NaN
2025-01-30 00:53:00,NaN,NaN,NaN,NaN
2025-01-30 00:53:15,1.73,NaN,NaN,NaN
2025-01-30 00:53:30,2.65,NaN,NaN,NaN
2025-01-30 00:53:45,1.58,NaN,NaN,NaN
2025-01-30 00:54:00,1.05,NaN,NaN,NaN
2025-01-30 00:54:15,1.04,NaN,NaN,NaN
2025-01-30 00:54:30,0.732,NaN,NaN,NaN
2025-01-30 00:54:45,0.884,NaN,NaN,NaN
2025-01-30 00:55:00,0.803,NaN,NaN,NaN
2025-01-30 00:55:15,0.741,NaN,NaN,NaN
2025-01-30 00:55:30,0.733,NaN,NaN,NaN
2025-01-30 00:55:45,0.707,NaN,NaN,NaN
2025-01-30 00:56:00,0.468,NaN,NaN,NaN
2025-01-30 00:56:15,NaN,NaN,NaN,NaN
2025-01-30 00:56:30,NaN,NaN,NaN,NaN
2025-01-30 00:56:45,NaN,NaN,NaN,NaN
2025-01-30 00:57:00,NaN,NaN,NaN,NaN
2025-01-30 00:57:15,1.54,NaN,NaN,NaN
2025-01-30 00:57:30,1.35,NaN,NaN,NaN
2025-01-30 00:57:45,1.22,NaN,NaN,NaN
2025-01-30 00:58:00,1.17,NaN,NaN,NaN
2025-01-30 00:58:15,1.29,NaN,NaN,NaN
2025-01-30 00:58:30,1.41,NaN,NaN,NaN
2025-01-30 00:58:45,1.50,NaN,NaN,NaN
2025-01-30 00:59:00,1.01,NaN,NaN,NaN
2025-01-30 00:59:15,1.24,NaN,NaN,NaN
2025-01-30 00:59:30,1.13,NaN,NaN,NaN
2025-01-30 00:59:45,1.26,NaN,NaN,NaN
2025-01-30 01:00:00,1.31,NaN,NaN,NaN
2025-01-30 01:00:15,NaN,NaN,NaN,NaN
2025-01-30 01:00:30,NaN,NaN,NaN,NaN
2025-01-30 01:00:45,NaN,NaN,NaN,NaN
2025-01-30 01:01:00,NaN,NaN,NaN,NaN
2025-01-30 01:01:15,2.29,NaN,NaN,NaN
2025-01-30 01:01:30,4.07,NaN,NaN,NaN
2025-01-30 01:01:45,3.05,NaN,NaN,NaN
2025-01-30 01:02:00,3.00,NaN,NaN,NaN
2025-01-30 01:02:15,1.11,NaN,NaN,NaN
2025-01-30 01:02:30,1.97,NaN,NaN,NaN
2025-01-30 01:02:45,2.04,NaN,NaN,NaN
2025-01-30 01:03:00,1.69,NaN,NaN,NaN
2025-01-30 01:03:15,1.91,NaN,NaN,NaN
2025-01-30 01:03:30,1.32,NaN,NaN,NaN
2025-01-30 01:03:45,1.27,NaN,NaN,NaN
2025-01-30 01:04:00,1.42,NaN,NaN,NaN
2025-01-30 01:04:15,NaN,NaN,NaN,NaN
2025-01-30 01:04:30,NaN,NaN,NaN,NaN
2025-01-30 01:04:45,NaN,NaN,NaN,NaN
2025-01-30 01:05:00,NaN,NaN,NaN,NaN
2025-01-30 01:05:15,2.13,NaN,NaN,NaN
2025-01-30 01:05:30,3.20,NaN,NaN,NaN
2025-01-30 01:05:45,2.74,NaN,NaN,NaN
2025-01-30 01:06:00,3.41,NaN,NaN,NaN
2025-01-30 01:06:15,2.70,NaN,NaN,NaN
2025-01-30 01:06:30,3.16,NaN,NaN,NaN
2025-01-30 01:06:45,2.82,NaN,NaN,NaN
2025-01-30 01:07:00,2.92,NaN,NaN,NaN
2025-01-30 01:07:15,2.75,NaN,NaN,NaN
2025-01-30 01:07:30,2.77,NaN,NaN,NaN
2025-01-30 01:07:45,3.02,NaN,NaN,NaN
2025-01-30 01:08:00,2.79,NaN,NaN,NaN
2025-01-30 01:08:15,NaN,NaN,NaN,NaN
2025-01-30 01:08:30,NaN,NaN,NaN,NaN
2025-01-30 01:08:45,NaN,NaN,NaN,NaN
2025-01-30 01:09:00,NaN,NaN,NaN,NaN
2025-01-30 01:09:15,3.51,NaN,NaN,NaN
2025-01-30 01:09:30,4.27,NaN,NaN,NaN
2025-01-30 01:09:45,4.11,NaN,NaN,NaN
2025-01-30 01:10:00,3.85,NaN,NaN,NaN
2025-01-30 01:10:15,3.55,NaN,NaN,NaN
2025-01-30 01:10:30,3.27,NaN,NaN,NaN
2025-01-30 01:10:45,3.56,NaN,NaN,NaN
2025-01-30 01:11:00,4.04,NaN,NaN,NaN
2025-01-30 01:11:15,3.79,NaN,NaN,NaN
2025-01-30 01:11:30,3.84,NaN,NaN,NaN
2025-01-30 01:11:45,3.78,NaN,NaN,NaN
2025-01-30 01:12:00,3.69,NaN,NaN,NaN
2025-01-30 01:12:15,NaN,NaN,NaN,NaN
2025-01-30 01:12:30,NaN,NaN,NaN,NaN
2025-01-30 01:12:45,NaN,NaN,NaN,NaN
2025-01-30 01:13:00,NaN,NaN,NaN,NaN
2025-01-30 01:13:15,2.38,NaN,NaN,NaN
2025-01-30 01:13:30,4.38,NaN,NaN,NaN
2025-01-30 01:13:45,2.61,NaN,NaN,NaN
2025-01-30 01:14:00,3.23,30.0,NaN,NaN
2025-01-30 01:14:15,2.57,NaN,NaN,NaN
2025-01-30 01:14:30,2.49,30.0,NaN,NaN
2025-01-30 01:14:45,2.63,NaN,NaN,NaN
2025-01-30 01:15:00,2.69,30.0,NaN,NaN
2025-01-30 01:15:15,3.03,NaN,NaN,NaN
2025-01-30 01:15:30,8.37,NaN,NaN,NaN
2025-01-30 01:15:45,4.20,NaN,NaN,NaN
2025-01-30 01:16:00,4.17,NaN,NaN,NaN
2025-01-30 01:16:15,NaN,NaN,NaN,NaN
2025-01-30 01:16:30,NaN,NaN,NaN,NaN
2025-01-30 01:16:45,NaN,NaN,NaN,NaN
2025-01-30 01:17:00,NaN,NaN,NaN,NaN
2025-01-30 01:17:15,3.81,NaN,NaN,NaN
2025-01-30 01:17:30,5.61,NaN,NaN,NaN
2025-01-30 01:17:45,4.62,NaN,NaN,NaN
2025-01-30 01:18:00,4.92,NaN,NaN,NaN
2025-01-30 01:18:15,4.72,NaN,NaN,NaN
2025-01-30 01:18:30,4.85,NaN,NaN,NaN
2025-01-30 01:18:45,4.47,NaN,NaN,NaN
2025-01-30 01:19:00,4.71,NaN,NaN,NaN
2025-01-30 01:19:15,7.00,NaN,NaN,NaN
2025-01-30 01:19:30,6.39,NaN,NaN,NaN
2025-01-30 01:19:45,7.57,NaN,NaN,NaN
2025-01-30 01:20:00,7.44,30.0,NaN,NaN
2025-01-30 01:20:15,NaN,30.0,NaN,NaN
2025-01-30 01:20:30,NaN,NaN,NaN,NaN
2025-01-30 01:20:45,NaN,NaN,NaN,NaN
2025-01-30 01:21:00,NaN,NaN,NaN,NaN
2025-01-30 01:21:15,4.46,NaN,NaN,NaN
2025-01-30 01:21:30,4.80,NaN,NaN,NaN
2025-01-30 01:21:45,4.02,NaN,NaN,NaN
2025-01-30 01:22:00,3.51,NaN,NaN,NaN
2025-01-30 01:22:15,6.40,NaN,NaN,NaN
2025-01-30 01:22:30,3.03,NaN,NaN,NaN
2025-01-30 01:22:45,8.00,NaN,NaN,NaN
2025-01-30 01:23:00,3.44,NaN,NaN,NaN
2025-01-30 01:23:15,7.87,30.0,NaN,NaN
2025-01-30 01:23:30,6.97,30.0,NaN,NaN
2025-01-30 01:23:45,5.50,30.0,NaN,NaN
2025-01-30 01:24:00,6.15,30.0,NaN,NaN
2025-01-30 01:24:15,20.5,30.0,NaN,NaN
2025-01-30 01:24:30,NaN,NaN,NaN,NaN
2025-01-30 01:24:45,NaN,NaN,NaN,NaN
2025-01-30 01:25:00,NaN,NaN,NaN,NaN
2025-01-30 01:25:15,4.67,NaN,NaN,NaN
2025-01-30 01:25:30,7.05,NaN,NaN,NaN
2025-01-30 01:25:45,6.64,NaN,NaN,NaN
2025-01-30 01:26:00,7.34,NaN,NaN,NaN
2025-01-30 01:26:15,6.93,NaN,NaN,NaN
2025-01-30 01:26:30,6.71,NaN,NaN,NaN
2025-01-30 01:26:45,7.75,NaN,NaN,NaN
2025-01-30 01:27:00,6.66,NaN,NaN,NaN
2025-01-30 01:27:15,6.01,NaN,NaN,NaN
2025-01-30 01:27:30,8.05,NaN,NaN,NaN
2025-01-30 01:27:45,6.80,NaN,NaN,NaN
2025-01-30 01:28:00,5.98,NaN,NaN,NaN
2025-01-30 01:28:15,NaN,NaN,NaN,NaN
2025-01-30 01:28:30,NaN,NaN,NaN,NaN
2025-01-30 01:28:45,NaN,NaN,NaN,NaN
2025-01-30 01:29:00,NaN,NaN,NaN,NaN
2025-01-30 01:29:15,3.79,NaN,NaN,NaN
2025-01-30 01:29:30,3.69,NaN,NaN,NaN
2025-01-30 01:29:45,5.60,NaN,NaN,NaN
2025-01-30 01:30:00,7.12,NaN,NaN,NaN
2025-01-30 01:30:15,7.70,NaN,NaN,NaN
2025-01-30 01:30:30,6.69,NaN,NaN,NaN
2025-01-30 01:30:45,7.42,NaN,NaN,NaN
2025-01-30 01:31:00,5.90,NaN,NaN,NaN
2025-01-30 01:31:15,4.60,NaN,NaN,NaN
2025-01-30 01:31:30,6.37,NaN,NaN,NaN
2025-01-30 01:31:45,4.88,NaN,NaN,NaN
2025-01-30 01:32:00,6.74,NaN,NaN,NaN
2025-01-30 01:32:15,NaN,NaN,NaN,NaN
2025-01-30 01:32:30,NaN,NaN,NaN,NaN
2025-01-30 01:32:45,NaN,NaN,NaN,NaN
2025-01-30 01:33:00,NaN,NaN,NaN,NaN
2025-01-30 01:33:15,0.598,NaN,NaN,NaN
2025-01-30 01:33:30,0.598,NaN,NaN,NaN
2025-01-30 01:33:45,0.459,NaN,NaN,NaN
2025-01-30 01:34:00,0.382,NaN,NaN,NaN
2025-01-30 01:34:15,0.323,NaN,NaN,NaN
2025-01-30 01:34:30,0.303,NaN,NaN,NaN
2025-01-30 01:34:45,0.279,NaN,NaN,NaN
2025-01-30 01:35:00,0.249,NaN,NaN,NaN
2025-01-30 01:35:15,0.218,NaN,NaN,NaN
2025-01-30 01:35:30,0.234,NaN,NaN,NaN
2025-01-30 01:35:45,0.229,NaN,NaN,NaN
2025-01-30 01:36:00,0.179,NaN,NaN,NaN
2025-01-30 01:36:15,NaN,NaN,NaN,NaN
2025-01-30 01:36:30,NaN,NaN,NaN,NaN
2025-01-30 01:36:45,NaN,NaN,NaN,NaN
2025-01-30 01:37:00,NaN,NaN,NaN,NaN
2025-01-30 01:37:15,0.452,NaN,NaN,NaN
2025-01-30 01:37:30,0.423,NaN,NaN,NaN
2025-01-30 01:37:45,0.350,NaN,NaN,NaN
2025-01-30 01:38:00,0.388,NaN,NaN,NaN
2025-01-30 01:38:15,0.385,NaN,NaN,NaN
2025-01-30 01:38:30,0.383,NaN,NaN,NaN
2025-01-30 01:38:45,0.343,NaN,NaN,NaN
2025-01-30 01:39:00,0.372,NaN,NaN,NaN
2025-01-30 01:39:15,0.343,NaN,NaN,NaN
2025-01-30 01:39:30,0.334,NaN,NaN,NaN
2025-01-30 01:39:45,0.342,NaN,NaN,NaN
2025-01-30 01:40:00,0.328,NaN,NaN,NaN
2025-01-30 01:40:15,NaN,NaN,NaN,NaN
2025-01-30 01:40:30,NaN,NaN,NaN,NaN
2025-01-30 01:40:45,NaN,NaN,NaN,NaN
2025-01-30 01:41:00,NaN,NaN,NaN,NaN